-- MySQL dump 10.13  Distrib 5.7.21, for Linux (x86_64)
--
-- Host: localhost    Database: bazaar
-- ------------------------------------------------------
-- Server version	5.7.21-0ubuntu0.16.04.1

/*!40101 SET @OLD_CHARACTER_SET_CLIENT=@@CHARACTER_SET_CLIENT */;
/*!40101 SET @OLD_CHARACTER_SET_RESULTS=@@CHARACTER_SET_RESULTS */;
/*!40101 SET @OLD_COLLATION_CONNECTION=@@COLLATION_CONNECTION */;
/*!40101 SET NAMES utf8 */;
/*!40103 SET @OLD_TIME_ZONE=@@TIME_ZONE */;
/*!40103 SET TIME_ZONE='+00:00' */;
/*!40014 SET @OLD_UNIQUE_CHECKS=@@UNIQUE_CHECKS, UNIQUE_CHECKS=0 */;
/*!40014 SET @OLD_FOREIGN_KEY_CHECKS=@@FOREIGN_KEY_CHECKS, FOREIGN_KEY_CHECKS=0 */;
/*!40101 SET @OLD_SQL_MODE=@@SQL_MODE, SQL_MODE='NO_AUTO_VALUE_ON_ZERO' */;
/*!40111 SET @OLD_SQL_NOTES=@@SQL_NOTES, SQL_NOTES=0 */;

--
-- Current Database: `bazaar`
--

/*!40000 DROP DATABASE IF EXISTS `bazaar`*/;

CREATE DATABASE /*!32312 IF NOT EXISTS*/ `bazaar` /*!40100 DEFAULT CHARACTER SET utf8mb4 COLLATE utf8mb4_unicode_ci */;

USE `bazaar`;

--
-- Table structure for table `card_user`
--

DROP TABLE IF EXISTS `card_user`;
/*!40101 SET @saved_cs_client     = @@character_set_client */;
/*!40101 SET character_set_client = utf8 */;
CREATE TABLE `card_user` (
  `card_id` int(11) NOT NULL,
  `user_id` int(11) NOT NULL,
  `intent` varchar(255) COLLATE utf8mb4_unicode_ci NOT NULL,
  `copies` int(11) NOT NULL
) ENGINE=InnoDB DEFAULT CHARSET=utf8mb4 COLLATE=utf8mb4_unicode_ci;
/*!40101 SET character_set_client = @saved_cs_client */;

--
-- Dumping data for table `card_user`
--

LOCK TABLES `card_user` WRITE;
/*!40000 ALTER TABLE `card_user` DISABLE KEYS */;
INSERT INTO `card_user` VALUES (430414,3,'want',1),(430418,3,'sell',2),(430502,1,'want',1),(430418,1,'want',1),(430224,1,'want',1),(430231,1,'want',1),(430226,1,'want',1),(430221,1,'sell',1),(430228,1,'want',3),(430231,1,'sell',4);
/*!40000 ALTER TABLE `card_user` ENABLE KEYS */;
UNLOCK TABLES;

--
-- Table structure for table `cards`
--

DROP TABLE IF EXISTS `cards`;
/*!40101 SET @saved_cs_client     = @@character_set_client */;
/*!40101 SET character_set_client = utf8 */;
CREATE TABLE `cards` (
  `name` varchar(255) COLLATE utf8mb4_unicode_ci NOT NULL,
  `id` int(10) unsigned NOT NULL AUTO_INCREMENT,
  `layout` varchar(255) COLLATE utf8mb4_unicode_ci NOT NULL,
  `manaCost` varchar(255) COLLATE utf8mb4_unicode_ci NOT NULL,
  `cmc` double(30,1) NOT NULL,
  `colors` varchar(255) COLLATE utf8mb4_unicode_ci NOT NULL,
  `type` varchar(255) COLLATE utf8mb4_unicode_ci NOT NULL,
  `subtypes` varchar(255) COLLATE utf8mb4_unicode_ci NOT NULL,
  `text` text COLLATE utf8mb4_unicode_ci NOT NULL,
  `power` varchar(255) COLLATE utf8mb4_unicode_ci NOT NULL,
  `toughness` varchar(255) COLLATE utf8mb4_unicode_ci NOT NULL,
  `imageName` varchar(255) COLLATE utf8mb4_unicode_ci NOT NULL,
  `colorIdentity` varchar(255) COLLATE utf8mb4_unicode_ci NOT NULL,
  `loyalty` varchar(255) COLLATE utf8mb4_unicode_ci NOT NULL,
  `created_at` timestamp NULL DEFAULT NULL,
  `updated_at` timestamp NULL DEFAULT NULL,
  `flavor` text COLLATE utf8mb4_unicode_ci NOT NULL,
  `expansion` varchar(255) COLLATE utf8mb4_unicode_ci NOT NULL,
  `setNumber` varchar(255) COLLATE utf8mb4_unicode_ci NOT NULL,
  `artist` varchar(255) COLLATE utf8mb4_unicode_ci NOT NULL,
  `rarity` varchar(255) COLLATE utf8mb4_unicode_ci NOT NULL,
  PRIMARY KEY (`id`)
) ENGINE=InnoDB AUTO_INCREMENT=430540 DEFAULT CHARSET=utf8mb4 COLLATE=utf8mb4_unicode_ci;
/*!40101 SET character_set_client = @saved_cs_client */;

--
-- Dumping data for table `cards`
--

LOCK TABLES `cards` WRITE;
/*!40000 ALTER TABLE `cards` DISABLE KEYS */;
INSERT INTO `cards` VALUES ('Aerie Mystics',430220,'normal','{4}{W}',5.0,'[\'White\']','[\'Creature\']','[\'Bird\', \'Wizard\']','Flying\n{1}{G}{U}: Creatures you control gain shroud until end of turn. (They can\'t be the targets of spells or abilities.)','3','3','aerie mystics','[\'W\', \'G\', \'U\']','None',NULL,NULL,'They are cautious with their body language and facial expressions. Any stray movement could betray the positions of the troops they protect and cost many lives.','CMA','1','Mark Zug','Uncommon'),('Akroma\'s Vengeance',430221,'normal','{4}{W}{W}',6.0,'[\'White\']','[\'Sorcery\']','None','Destroy all artifacts, creatures, and enchantments.\nCycling {3} ({3}, Discard this card: Draw a card.)','None','None','akroma\'s vengeance','[\'W\']','None',NULL,NULL,'Ixidor had only to imagine their ruin and Akroma made it so.','CMA','2','Greg & Tim Hildebrandt','Rare'),('Angel of Finality',430222,'normal','{3}{W}',4.0,'[\'White\']','[\'Creature\']','[\'Angel\']','Flying\nWhen Angel of Finality enters the battlefield, exile all cards from target player\'s graveyard.','3','4','angel of finality','[\'W\']','None',NULL,NULL,'\"Better the dead depart utterly than be enslaved.\"','CMA','3','Howard Lyon','Rare'),('Angelic Arbiter',430223,'normal','{5}{W}{W}',7.0,'[\'White\']','[\'Creature\']','[\'Angel\']','Flying\nEach opponent who cast a spell this turn can\'t attack with creatures.\nEach opponent who attacked with a creature this turn can\'t cast spells.','5','6','angelic arbiter','[\'W\']','None',NULL,NULL,'None','CMA','4','Steve Argyle','Rare'),('Archangel of Strife',430224,'normal','{5}{W}{W}',7.0,'[\'White\']','[\'Creature\']','[\'Angel\']','Flying\nAs Archangel of Strife enters the battlefield, each player chooses war or peace.\nCreatures controlled by players who chose war get +3/+0.\nCreatures controlled by players who chose peace get +0/+3.','6','6','archangel of strife','[\'W\']','None',NULL,NULL,'None','CMA','5','Greg Staples','Rare'),('Bathe in Light',430225,'normal','{1}{W}',2.0,'[\'White\']','[\'Instant\']','None','Radiance - Choose a color. Target creature and each other creature that shares a color with it gain protection from the chosen color until end of turn.','None','None','bathe in light','[\'W\']','None',NULL,NULL,'\"Truth shines even in darkness. Those who march on the side of truth walk always in righteous light.\"','CMA','6','Alex Horley-Orlandelli','Uncommon'),('Congregate',430226,'normal','{3}{W}',4.0,'[\'White\']','[\'Instant\']','None','Target player gains 2 life for each creature on the battlefield.','None','None','congregate','[\'W\']','None',NULL,NULL,'\"In the gathering there is strength for all who founder, renewal for all who languish, love for all who sing.\"\n-Song of All, canto 642','CMA','7','Mark Zug','Common'),('Curse of the Forsaken',430227,'normal','{2}{W}',3.0,'[\'White\']','[\'Enchantment\']','[\'Aura\', \'Curse\']','Enchant player\nWhenever a creature attacks enchanted player, its controller gains 1 life.','None','None','curse of the forsaken','[\'W\']','None',NULL,NULL,'\"Purge the damned, for they have no place among the righteous!\"\n-Seeta of Thraben','CMA','8','William Wu','Uncommon'),('Darksteel Mutation',430228,'normal','{1}{W}',2.0,'[\'White\']','[\'Enchantment\']','[\'Aura\']','Enchant creature\nEnchanted creature is an Insect artifact creature with base power and toughness 0/1 and has indestructible, and it loses all other abilities, card types, and creature types.','None','None','darksteel mutation','[\'W\']','None',NULL,NULL,'Infinitely powerless.','CMA','9','Daniel Ljunggren','Uncommon'),('Fiend Hunter',430229,'normal','{1}{W}{W}',3.0,'[\'White\']','[\'Creature\']','[\'Human\', \'Cleric\']','When Fiend Hunter enters the battlefield, you may exile another target creature.\nWhen Fiend Hunter leaves the battlefield, return the exiled card to the battlefield under its owner\'s control.','1','3','fiend hunter','[\'W\']','None',NULL,NULL,'None','CMA','10','Wayne Reynolds','Uncommon'),('Flickerform',430230,'normal','{1}{W}',2.0,'[\'White\']','[\'Enchantment\']','[\'Aura\']','Enchant creature\n{2}{W}{W}: Exile enchanted creature and all Auras attached to it. At the beginning of the next end step, return that card to the battlefield under its owner\'s control. If you do, return the other cards exiled this way to the battlefield under their owners\' control attached to that creature.','None','None','flickerform','[\'W\']','None',NULL,NULL,'None','CMA','11','Ron Spears','Rare'),('Karmic Guide',430232,'normal','{3}{W}{W}',5.0,'[\'White\']','[\'Creature\']','[\'Angel\', \'Spirit\']','Flying, protection from black\nEcho {3}{W}{W} (At the beginning of your upkeep, if this came under your control since the beginning of your last upkeep, sacrifice it unless you pay its echo cost.)\nWhen Karmic Guide enters the battlefield, return target creature card from your graveyard to the battlefield.','2','2','karmic guide','[\'W\']','None',NULL,NULL,'None','CMA','13','Allen Williams','Rare'),('Kirtar\'s Wrath',430233,'normal','{4}{W}{W}',6.0,'[\'White\']','[\'Sorcery\']','None','Destroy all creatures. They can\'t be regenerated.\nThreshold - If seven or more cards are in your graveyard, instead destroy all creatures, then create two 1/1 white Spirit creature tokens with flying. Creatures destroyed this way can\'t be regenerated.','None','None','kirtar\'s wrath','[\'W\']','None',NULL,NULL,'None','CMA','14','Kev Walker','Rare'),('Lightkeeper of Emeria',430234,'normal','{3}{W}',4.0,'[\'White\']','[\'Creature\']','[\'Angel\']','Multikicker {W} (You may pay an additional {W} any number of times as you cast this spell.)\nFlying\nWhen Lightkeeper of Emeria enters the battlefield, you gain 2 life for each time it was kicked.','2','4','lightkeeper of emeria','[\'W\']','None',NULL,NULL,'None','CMA','15','James Ryman','Uncommon'),('Mirror Entity',430235,'normal','{2}{W}',3.0,'[\'White\']','[\'Creature\']','[\'Shapeshifter\']','Changeling (This card is every creature type.)\n{X}: Until end of turn, creatures you control have base power and toughness X/X and gain all creature types.','1','1','mirror entity','[\'W\']','None',NULL,NULL,'Unaware of Lorwyn\'s diversity, it sees only itself, reflected a thousand times over.','CMA','16','Zoltan Boros & Gabor Szikszai','Rare'),('Mother of Runes',430236,'normal','{W}',1.0,'[\'White\']','[\'Creature\']','[\'Human\', \'Cleric\']','{T}: Target creature you control gains protection from the color of your choice until end of turn.','1','1','mother of runes','[\'W\']','None',NULL,NULL,'\"My family protects all families.\"','CMA','17','Scott M. Fischer','Uncommon'),('Orim\'s Thunder',430237,'normal','{2}{W}',3.0,'[\'White\']','[\'Instant\']','None','Kicker {R} (You may pay an additional {R} as you cast this spell.)\nDestroy target artifact or enchantment. If Orim\'s Thunder was kicked, it deals damage equal to that permanent\'s converted mana cost to target creature.','None','None','orim\'s thunder','[\'W\', \'R\']','None',NULL,NULL,'None','CMA','18','Carl Critchlow','Common'),('Path to Exile',430238,'normal','{W}',1.0,'[\'White\']','[\'Instant\']','None','Exile target creature. Its controller may search his or her library for a basic land card, put that card onto the battlefield tapped, then shuffle his or her library.','None','None','path to exile','[\'W\']','None',NULL,NULL,'None','CMA','19','Todd Lockwood','Uncommon'),('Return to Dust',430239,'normal','{2}{W}{W}',4.0,'[\'White\']','[\'Instant\']','None','Exile target artifact or enchantment. If you cast this spell during your main phase, you may exile up to one other target artifact or enchantment.','None','None','return to dust','[\'W\']','None',NULL,NULL,'Some timelines forever fray, branch, and intermingle. Others end abruptly.','CMA','20','Wayne Reynolds','Uncommon'),('Righteous Cause',430240,'normal','{3}{W}{W}',5.0,'[\'White\']','[\'Enchantment\']','None','Whenever a creature attacks, you gain 1 life.','None','None','righteous cause','[\'W\']','None',NULL,NULL,'\"Until the world unites in vengeful fury and Phage is destroyed, I will not stay my hand.\"\n-Akroma, angelic avenger','CMA','21','Scott M. Fischer','Uncommon'),('Serra Angel',430241,'normal','{3}{W}{W}',5.0,'[\'White\']','[\'Creature\']','[\'Angel\']','Flying (This creature can\'t be blocked except by creatures with flying or reach.)\nVigilance (Attacking doesn\'t cause this creature to tap.)','4','4','serra angel','[\'W\']','None',NULL,NULL,'Perfect justice in service of a perfect will.','CMA','22','Greg Staples','Uncommon'),('Shattered Angel',430242,'normal','{3}{W}{W}',5.0,'[\'White\']','[\'Creature\']','[\'Angel\']','Flying\nWhenever a land enters the battlefield under an opponent\'s control, you may gain 3 life.','3','3','shattered angel','[\'W\']','None',NULL,NULL,'She preaches the blessings of the Machine Orthodoxy.','CMA','23','Kev Walker','Uncommon'),('Soul Snare',430243,'normal','{W}',1.0,'[\'White\']','[\'Enchantment\']','None','{W}, Sacrifice Soul Snare: Exile target creature that\'s attacking you or a planeswalker you control.','None','None','soul snare','[\'W\']','None',NULL,NULL,'\"Body and spirit are sworn enemies. They will take any excuse to be rid of each other.\"\n-Tariel, Reckoner of Souls','CMA','24','Carl Critchlow','Uncommon'),('Stonecloaker',430244,'normal','{2}{W}',3.0,'[\'White\']','[\'Creature\']','[\'Gargoyle\']','Flash (You may cast this spell any time you could cast an instant.)\nFlying\nWhen Stonecloaker enters the battlefield, return a creature you control to its owner\'s hand.\nWhen Stonecloaker enters the battlefield, exile target card from a graveyard.','3','2','stonecloaker','[\'W\']','None',NULL,NULL,'None','CMA','25','Tomas Giorello','Uncommon'),('Tempt with Glory',430245,'normal','{5}{W}',6.0,'[\'White\']','[\'Sorcery\']','None','Tempting offer - Put a +1/+1 counter on each creature you control. Each opponent may put a +1/+1 counter on each creature he or she controls. For each opponent who does, put a +1/+1 counter on each creature you control.','None','None','tempt with glory','[\'W\']','None',NULL,NULL,'None','CMA','26','Michael Komarck','Rare'),('Unexpectedly Absent',430246,'normal','{X}{W}{W}',2.0,'[\'White\']','[\'Instant\']','None','Put target nonland permanent into its owner\'s library just beneath the top X cards of that library.','None','None','unexpectedly absent','[\'W\']','None',NULL,NULL,'Once you\'ve been dragged down the currents of time, you\'ll never quite trust your own permanence again.','CMA','27','Min Yum','Rare'),('Voice of All',430247,'normal','{2}{W}{W}',4.0,'[\'White\']','[\'Creature\']','[\'Angel\']','Flying\nAs Voice of All enters the battlefield, choose a color.\nVoice of All has protection from the chosen color.','2','2','voice of all','[\'W\']','None',NULL,NULL,'None','CMA','28','rk post','Rare'),('Vow of Duty',430248,'normal','{2}{W}',3.0,'[\'White\']','[\'Enchantment\']','[\'Aura\']','Enchant creature\nEnchanted creature gets +2/+2, has vigilance, and can\'t attack you or a planeswalker you control.','None','None','vow of duty','[\'W\']','None',NULL,NULL,'\"I prefer loyalty to be a matter of respect, not of magic. But one does what one must.\"\n-Kaalia of the Vast','CMA','29','Wayne Reynolds','Uncommon'),('Arcane Denial',430249,'normal','{1}{U}',2.0,'[\'Blue\']','[\'Instant\']','None','Counter target spell. Its controller may draw up to two cards at the beginning of the next turn\'s upkeep.\nYou draw a card at the beginning of the next turn\'s upkeep.','None','None','arcane denial','[\'U\']','None',NULL,NULL,'None','CMA','30','Mark Zug','Common'),('Azami, Lady of Scrolls',430250,'normal','{2}{U}{U}{U}',5.0,'[\'Blue\']','[\'Creature\']','[\'Human\', \'Wizard\']','Tap an untapped Wizard you control: Draw a card.','0','2','azami, lady of scrolls','[\'U\']','None',NULL,NULL,'\"Choices belong to those with the luxuries of time and distance. We have neither. I recommend we proceed with the plan to destroy all shrines of the kami.\"\n-Lady Azami, letter to Sensei Hisoka','CMA','31','Ittoku','Rare'),('Blue Sun\'s Zenith',430251,'normal','{X}{U}{U}{U}',3.0,'[\'Blue\']','[\'Instant\']','None','Target player draws X cards. Shuffle Blue Sun\'s Zenith into its owner\'s library.','None','None','blue sun\'s zenith','[\'U\']','None',NULL,NULL,'\"The Origin Query will wait. We must ensure we survive to return to it.\"\n-Pelyus, vedalken ordinar','CMA','32','Izzy','Rare'),('Borrowing 100,000 Arrows',430252,'normal','{2}{U}',3.0,'[\'Blue\']','[\'Sorcery\']','None','Draw a card for each tapped creature target opponent controls.','None','None','borrowing 100,000 arrows','[\'U\']','None',NULL,NULL,'Kongming and Lu Su tricked Wei troops into shooting over 100,000 arrows at them to later use against the Wei at Red Cliffs.','CMA','33','Song Shikai','Uncommon'),('Control Magic',430253,'normal','{2}{U}{U}',4.0,'[\'Blue\']','[\'Enchantment\']','[\'Aura\']','Enchant creature\nYou control enchanted creature.','None','None','control magic','[\'U\']','None',NULL,NULL,'\"Do as I think, not as I do.\"\n-Jace Beleren','CMA','34','Clint Cearley','Uncommon'),('Curse of Inertia',430254,'normal','{2}{U}',3.0,'[\'Blue\']','[\'Enchantment\']','[\'Aura\', \'Curse\']','Enchant player\nWhenever a player attacks enchanted player with one or more creatures, that attacking player may tap or untap target permanent of his or her choice.','None','None','curse of inertia','[\'U\']','None',NULL,NULL,'\"As long as I pull the strings, you will dance.\"\n-Tezzeret','CMA','35','Jasper Sandner','Uncommon'),('Deceiver Exarch',430255,'normal','{2}{U}',3.0,'[\'Blue\']','[\'Creature\']','[\'Cleric\']','Flash (You may cast this spell any time you could cast an instant.)\nWhen Deceiver Exarch enters the battlefield, choose one -\n• Untap target permanent you control.\n• Tap target permanent an opponent controls.','1','4','deceiver exarch','[\'U\']','None',NULL,NULL,'None','CMA','36','Izzy','Uncommon'),('Diviner Spirit',430256,'normal','{4}{U}',5.0,'[\'Blue\']','[\'Creature\']','[\'Spirit\']','Whenever Diviner Spirit deals combat damage to a player, you and that player each draw that many cards.','2','4','diviner spirit','[\'U\']','None',NULL,NULL,'Sentience is its natural habitat.','CMA','37','Yeong-Hao Han','Uncommon'),('Djinn of Infinite Deceits',430257,'normal','{4}{U}{U}',6.0,'[\'Blue\']','[\'Creature\']','[\'Djinn\']','Flying\n{T}: Exchange control of two target nonlegendary creatures. You can\'t activate this ability during combat.','2','7','djinn of infinite deceits','[\'U\']','None',NULL,NULL,'The winds of change have a mind of their own.','CMA','38','Robbie Trevino','Rare'),('Dungeon Geists',430258,'normal','{2}{U}{U}',4.0,'[\'Blue\']','[\'Creature\']','[\'Spirit\']','Flying\nWhen Dungeon Geists enters the battlefield, tap target creature an opponent controls. That creature doesn\'t untap during its controller\'s untap step for as long as you control Dungeon Geists.','3','3','dungeon geists','[\'U\']','None',NULL,NULL,'None','CMA','39','Nils Hamm','Rare'),('Hada Spy Patrol',430259,'leveler','{1}{U}',2.0,'[\'Blue\']','[\'Creature\']','[\'Human\', \'Rogue\']','Level up {2}{U} ({2}{U}: Put a level counter on this. Level up only as a sorcery.)\nLEVEL 1-2\n2/2\nHada Spy Patrol can\'t be blocked.\nLEVEL 3+\n3/3\nShroud (This creature can\'t be the target of spells or abilities.)\nHada Spy Patrol can\'t be blocked.','1','1','hada spy patrol','[\'U\']','None',NULL,NULL,'None','CMA','40','Zoltan Boros & Gabor Szikszai','Uncommon'),('Lu Xun, Scholar General',430260,'normal','{2}{U}{U}',4.0,'[\'Blue\']','[\'Creature\']','[\'Human\', \'Soldier\']','Horsemanship (This creature can\'t be blocked except by creatures with horsemanship.)\nWhenever Lu Xun, Scholar General deals damage to an opponent, you may draw a card.','1','3','lu xun, scholar general','[\'U\']','None',NULL,NULL,'None','CMA','41','Xu Xiaoming','Rare'),('Thornwind Faeries',430261,'normal','{1}{U}{U}',3.0,'[\'Blue\']','[\'Creature\']','[\'Faerie\']','Flying\n{T}: Thornwind Faeries deals 1 damage to target creature or player.','1','1','thornwind faeries','[\'U\']','None',NULL,NULL,'Guarding the ship is the Thornwinds\' first concern. Getting along with the locals ranks fourth or fifth at best.','CMA','42','Rebecca Guay','Common'),('Wash Out',430262,'normal','{3}{U}',4.0,'[\'Blue\']','[\'Sorcery\']','None','Return all permanents of the color of your choice to their owners\' hands.','None','None','wash out','[\'U\']','None',NULL,NULL,'\"It\'s not the darkness I fear but dull and numbing shades of gray.\"\n-Sydri, galvanic genius','CMA','43','Steven Belledin','Uncommon'),('Wonder',430263,'normal','{3}{U}',4.0,'[\'Blue\']','[\'Creature\']','[\'Incarnation\']','Flying\nAs long as Wonder is in your graveyard and you control an Island, creatures you control have flying.','2','2','wonder','[\'U\']','None',NULL,NULL,'\"The awestruck birds gazed at Wonder. Slowly, timidly, they rose into the air.\"\n-Scroll of Beginnings','CMA','44','Rebecca Guay','Uncommon'),('Altar\'s Reap',430264,'normal','{1}{B}',2.0,'[\'Black\']','[\'Instant\']','None','As an additional cost to cast Altar\'s Reap, sacrifice a creature.\nDraw two cards.','None','None','altar\'s reap','[\'B\']','None',NULL,NULL,'\"Don\'t worry, your death will be as informative as possible.\"\n-Gorghul, augur of skulls','CMA','45','Donato Giancola','Common'),('Ambition\'s Cost',430265,'normal','{3}{B}',4.0,'[\'Black\']','[\'Sorcery\']','None','You draw three cards and you lose 3 life.','None','None','ambition\'s cost','[\'B\']','None',NULL,NULL,'The waters of wisdom are as dust in the mouth of one who thirsts for power.','CMA','46','Junko Taguchi','Uncommon'),('Banshee of the Dread Choir',430266,'normal','{3}{B}{B}',5.0,'[\'Black\']','[\'Creature\']','[\'Spirit\']','Myriad (Whenever this creature attacks, for each opponent other than defending player, you may create a token that\'s a copy of this creature that\'s tapped and attacking that player or a planeswalker he or she controls. Exile the tokens at end of combat.)\nWhenever Banshee of the Dread Choir deals combat damage to a player, that player discards a card.','4','4','banshee of the dread choir','[\'B\']','None',NULL,NULL,'None','CMA','47','Anthony Palumbo','Uncommon'),('Barter in Blood',430267,'normal','{2}{B}{B}',4.0,'[\'Black\']','[\'Sorcery\']','None','Each player sacrifices two creatures.','None','None','barter in blood','[\'B\']','None',NULL,NULL,'\"We must all make sacrifices for the good of Innistrad.\"\n-Sorin Markov','CMA','48','Eric Deschamps','Uncommon'),('Blood Bairn',430268,'normal','{2}{B}',3.0,'[\'Black\']','[\'Creature\']','[\'Vampire\']','Sacrifice another creature: Blood Bairn gets +2/+2 until end of turn.','2','2','blood bairn','[\'B\']','None',NULL,NULL,'The travelers were warned to watch out for children on the road.','CMA','49','Ryan Yee','Common'),('Butcher of Malakir',430269,'normal','{5}{B}{B}',7.0,'[\'Black\']','[\'Creature\']','[\'Vampire\', \'Warrior\']','Flying\nWhenever Butcher of Malakir or another creature you control dies, each opponent sacrifices a creature.','5','4','butcher of malakir','[\'B\']','None',NULL,NULL,'His verdict is always guilty. His sentence is always death.','CMA','50','Jason Chan','Rare'),('Champion of Stray Souls',430270,'normal','{4}{B}{B}',6.0,'[\'Black\']','[\'Creature\']','[\'Skeleton\', \'Warrior\']','{3}{B}{B}, {T}, Sacrifice X other creatures: Return X target creature cards from your graveyard to the battlefield.\n{5}{B}{B}: Put Champion of Stray Souls on top of your library from your graveyard.','4','4','champion of stray souls','[\'B\']','None',NULL,NULL,'None','CMA','51','Aleksi Briclot','Mythic Rare'),('Corpse Augur',430271,'normal','{3}{B}',4.0,'[\'Black\']','[\'Creature\']','[\'Zombie\', \'Wizard\']','When Corpse Augur dies, you draw X cards and you lose X life, where X is the number of creature cards in target player\'s graveyard.','4','2','corpse augur','[\'B\']','None',NULL,NULL,'Even when the flesh grows cold, knowledge waits in the bones for a master to release it.','CMA','52','Scott M. Fischer','Uncommon'),('Diabolic Servitude',430272,'normal','{3}{B}',4.0,'[\'Black\']','[\'Enchantment\']','None','When Diabolic Servitude enters the battlefield, return target creature card from your graveyard to the battlefield.\nWhen the creature put onto the battlefield with Diabolic Servitude dies, exile it and return Diabolic Servitude to its owner\'s hand.\nWhen Diabolic Servitude leaves the battlefield, exile the creature put onto the battlefield with Diabolic Servitude.','None','None','diabolic servitude','[\'B\']','None',NULL,NULL,'None','CMA','53','Scott M. Fischer','Uncommon'),('Diabolic Tutor',430273,'normal','{2}{B}{B}',4.0,'[\'Black\']','[\'Sorcery\']','None','Search your library for a card and put that card into your hand. Then shuffle your library.','None','None','diabolic tutor','[\'B\']','None',NULL,NULL,'The wise always keep an ear open to the whispers of power.','CMA','54','Greg Staples','Uncommon'),('Dread Cacodemon',430274,'normal','{7}{B}{B}{B}',10.0,'[\'Black\']','[\'Creature\']','[\'Demon\']','When Dread Cacodemon enters the battlefield, if you cast it from your hand, destroy all creatures your opponents control, then tap all other creatures you control.','8','8','dread cacodemon','[\'B\']','None',NULL,NULL,'Those who hear its roar perish. The lucky ones only feel its fetid breath.','CMA','55','Izzy','Rare'),('Dread Summons',430275,'normal','{X}{B}{B}',2.0,'[\'Black\']','[\'Sorcery\']','None','Each player puts the top X cards of his or her library into his or her graveyard. For each creature card put into a graveyard this way, you create a tapped 2/2 black Zombie creature token.','None','None','dread summons','[\'B\']','None',NULL,NULL,'\"Did you have a nice nap?\"\n-Liliana Vess','CMA','56','Izzy','Rare'),('Eater of Hope',430276,'normal','{5}{B}{B}',7.0,'[\'Black\']','[\'Creature\']','[\'Demon\']','Flying\n{B}, Sacrifice another creature: Regenerate Eater of Hope.\n{2}{B}, Sacrifice two other creatures: Destroy target creature.','6','4','eater of hope','[\'B\']','None',NULL,NULL,'Gods can be appeased. Demons, however . . .','CMA','57','Peter Mohrbacher','Rare'),('Evincar\'s Justice',430277,'normal','{2}{B}{B}',4.0,'[\'Black\']','[\'Sorcery\']','None','Buyback {3} (You may pay an additional {3} as you cast this spell. If you do, put this card into your hand as it resolves.)\nEvincar\'s Justice deals 2 damage to each creature and each player.','None','None','evincar\'s justice','[\'B\']','None',NULL,NULL,'None','CMA','58','Hannibal King','Common'),('Extractor Demon',430278,'normal','{4}{B}{B}',6.0,'[\'Black\']','[\'Creature\']','[\'Demon\']','Flying\nWhenever another creature leaves the battlefield, you may have target player put the top two cards of his or her library into his or her graveyard.\nUnearth {2}{B} ({2}{B}: Return this card from your graveyard to the battlefield. It gains haste. Exile it at the beginning of the next end step or if it would leave the battlefield. Unearth only as a sorcery.)','5','5','extractor demon','[\'B\']','None',NULL,NULL,'None','CMA','59','Carl Critchlow','Rare'),('Fallen Angel',430279,'normal','{3}{B}{B}',5.0,'[\'Black\']','[\'Creature\']','[\'Angel\']','Flying\nSacrifice a creature: Fallen Angel gets +2/+1 until end of turn.','3','3','fallen angel','[\'B\']','None',NULL,NULL,'\"Why do you weep for the dead? I rejoice, for they have died for me.\"','CMA','60','Matthew D. Wilson','Rare'),('Phyrexian Plaguelord',430280,'normal','{3}{B}{B}',5.0,'[\'Black\']','[\'Creature\']','[\'Carrier\']','{T}, Sacrifice Phyrexian Plaguelord: Target creature gets -4/-4 until end of turn.\nSacrifice a creature: Target creature gets -1/-1 until end of turn.','4','4','phyrexian plaguelord','[\'B\']','None',NULL,NULL,'\"The final stage of the illness: delirium, convulsions, and death.\"\n-Phyrexian progress notes','CMA','61','Kev Walker','Rare'),('Phyrexian Rager',430281,'normal','{2}{B}',3.0,'[\'Black\']','[\'Creature\']','[\'Horror\']','When Phyrexian Rager enters the battlefield, you draw a card and you lose 1 life.','2','2','phyrexian rager','[\'B\']','None',NULL,NULL,'\"I believe many worlds will bow to Phyrexia. Mirrodin is merely the first.\"\n-Sheoldred, Whispering One','CMA','62','Stephan Martiniere','Common'),('Razorjaw Oni',430282,'normal','{3}{B}',4.0,'[\'Black\']','[\'Creature\']','[\'Demon\', \'Spirit\']','Black creatures can\'t block.','4','5','razorjaw oni','[\'B\']','None',NULL,NULL,'It gnashed its teeth, and the battlefield filled with the screech of blade striking blade.','CMA','63','Carl Critchlow','Uncommon'),('Reiver Demon',430283,'normal','{4}{B}{B}{B}{B}',8.0,'[\'Black\']','[\'Creature\']','[\'Demon\']','Flying\nWhen Reiver Demon enters the battlefield, if you cast it from your hand, destroy all nonartifact, nonblack creatures. They can\'t be regenerated.','6','6','reiver demon','[\'B\']','None',NULL,NULL,'None','CMA','64','Brom','Rare'),('Rise from the Grave',430284,'normal','{4}{B}',5.0,'[\'Black\']','[\'Sorcery\']','None','Put target creature card from a graveyard onto the battlefield under your control. That creature is a black Zombie in addition to its other colors and types.','None','None','rise from the grave','[\'B\']','None',NULL,NULL,'\"Death is no excuse for disobedience.\"\n-Liliana Vess','CMA','65','Vance Kovacs','Uncommon'),('Scourge of Nel Toth',430285,'normal','{5}{B}{B}',7.0,'[\'Black\']','[\'Creature\']','[\'Zombie\', \'Dragon\']','Flying\nYou may cast Scourge of Nel Toth from your graveyard by paying {B}{B} and sacrificing two creatures rather than paying its mana cost.','6','6','scourge of nel toth','[\'B\']','None',NULL,NULL,'\"May all the cairns of Jund be toppled.\"\n-Meren of Clan Nel Toth','CMA','66','Mark Winters','Rare'),('Sever the Bloodline',430286,'normal','{3}{B}',4.0,'[\'Black\']','[\'Sorcery\']','None','Exile target creature and all other creatures with the same name as that creature.\nFlashback {5}{B}{B} (You may cast this card from your graveyard for its flashback cost. Then exile it.)','None','None','sever the bloodline','[\'B\']','None',NULL,NULL,'None','CMA','67','Clint Cearley','Rare'),('Shriekmaw',430287,'normal','{4}{B}',5.0,'[\'Black\']','[\'Creature\']','[\'Elemental\']','Fear (This creature can\'t be blocked except by artifact creatures and/or black creatures.)\nWhen Shriekmaw enters the battlefield, destroy target nonartifact, nonblack creature.\nEvoke {1}{B} (You may cast this spell for its evoke cost. If you do, it\'s sacrificed when it enters the battlefield.)','3','2','shriekmaw','[\'B\']','None',NULL,NULL,'None','CMA','68','Steve Prescott','Uncommon'),('Syphon Flesh',430288,'normal','{4}{B}',5.0,'[\'Black\']','[\'Sorcery\']','None','Each other player sacrifices a creature. You create a 2/2 black Zombie creature token for each creature sacrificed this way.','None','None','syphon flesh','[\'B\']','None',NULL,NULL,'Necromancers deal in commodities far more precious than gold and grain.','CMA','69','Ironbrush','Uncommon'),('Syphon Mind',430289,'normal','{3}{B}',4.0,'[\'Black\']','[\'Sorcery\']','None','Each other player discards a card. You draw a card for each card discarded this way.','None','None','syphon mind','[\'B\']','None',NULL,NULL,'When tempers run high, it\'s easy to lose your head.','CMA','70','Jeff Easley','Common'),('Thief of Blood',430290,'normal','{4}{B}{B}',6.0,'[\'Black\']','[\'Creature\']','[\'Vampire\']','Flying\nAs Thief of Blood enters the battlefield, remove all counters from all permanents. Thief of Blood enters the battlefield with a +1/+1 counter on it for each counter removed this way.','1','1','thief of blood','[\'B\']','None',NULL,NULL,'Her hunger will not be denied.','CMA','71','Cynthia Sheppard','Uncommon'),('Victimize',430291,'normal','{2}{B}',3.0,'[\'Black\']','[\'Sorcery\']','None','Choose two target creature cards in your graveyard. Sacrifice a creature. If you do, return the chosen cards to the battlefield tapped.','None','None','victimize','[\'B\']','None',NULL,NULL,'\"Die. But die knowing that your pathetic life will yield a great bounty for me.\"\n-Zul Ashur, lich lord','CMA','72','Craig J Spearing','Uncommon'),('Vow of Malice',430292,'normal','{2}{B}',3.0,'[\'Black\']','[\'Enchantment\']','[\'Aura\']','Enchant creature\nEnchanted creature gets +2/+2, has intimidate, and can\'t attack you or a planeswalker you control. (A creature with intimidate can\'t be blocked except by artifact creatures and/or creatures that share a color with it.)','None','None','vow of malice','[\'B\']','None',NULL,NULL,'None','CMA','73','Jesper Ejsing','Uncommon'),('Wretched Confluence',430293,'normal','{3}{B}{B}',5.0,'[\'Black\']','[\'Instant\']','None','Choose three. You may choose the same mode more than once.\n• Target player draws a card and loses 1 life.\n• Target creature gets -2/-2 until end of turn.\n• Return target creature card from your graveyard to your hand.','None','None','wretched confluence','[\'B\']','None',NULL,NULL,'None','CMA','74','Kieran Yanner','Rare'),('Akroma, Angel of Fury',430294,'normal','{5}{R}{R}{R}',8.0,'[\'Red\']','[\'Creature\']','[\'Angel\']','Akroma, Angel of Fury can\'t be countered.\nFlying, trample, protection from white and from blue\n{R}: Akroma, Angel of Fury gets +1/+0 until end of turn.\nMorph {3}{R}{R}{R} (You may cast this card face down as a 2/2 creature for {3}. Turn it face up any time for its morph cost.)','6','6','akroma, angel of fury','[\'R\']','None',NULL,NULL,'None','CMA','75','Daren Bader','Rare'),('Anger',430295,'normal','{3}{R}',4.0,'[\'Red\']','[\'Creature\']','[\'Incarnation\']','Haste\nAs long as Anger is in your graveyard and you control a Mountain, creatures you control have haste.','2','2','anger','[\'R\']','None',NULL,NULL,'\"For its time as a mortal, Anger chose a shell of boiling rock.\"\n-Scroll of Beginnings','CMA','76','John Avon','Uncommon'),('Avatar of Slaughter',430296,'normal','{6}{R}{R}',8.0,'[\'Red\']','[\'Creature\']','[\'Avatar\']','All creatures have double strike and attack each combat if able.','8','8','avatar of slaughter','[\'R\']','None',NULL,NULL,'\"Diplomacy has solved nothing. Only bloodspill can end this now. Call forth the warbringer.\"\n-Basandra, Battle Seraph','CMA','77','Jason A. Engle','Rare'),('Cleansing Beam',430297,'normal','{4}{R}',5.0,'[\'Red\']','[\'Instant\']','None','Radiance - Cleansing Beam deals 2 damage to target creature and each other creature that shares a color with it.','None','None','cleansing beam','[\'R\']','None',NULL,NULL,'\"Justice is toothless without punishment. Righteousness cannot succeed without the suffering of the guilty.\"\n-Razia, Boros archangel','CMA','78','Pat Lee','Uncommon'),('Comet Storm',430298,'normal','{X}{R}{R}',2.0,'[\'Red\']','[\'Instant\']','None','Multikicker {1} (You may pay an additional {1} any number of times as you cast this spell.)\nChoose target creature or player, then choose another target creature or player for each time Comet Storm was kicked. Comet Storm deals X damage to each of them.','None','None','comet storm','[\'R\']','None',NULL,NULL,'None','CMA','79','Jung Park','Mythic Rare'),('Death by Dragons',430299,'normal','{4}{R}{R}',6.0,'[\'Red\']','[\'Sorcery\']','None','Each player other than target player creates a 5/5 red Dragon creature token with flying.','None','None','death by dragons','[\'R\']','None',NULL,NULL,'Suddenly, Eldo felt very alone.','CMA','80','Austin Hsu','Uncommon'),('Dragon Whelp',430300,'normal','{2}{R}{R}',4.0,'[\'Red\']','[\'Creature\']','[\'Dragon\']','Flying\n{R}: Dragon Whelp gets +1/+0 until end of turn. If this ability has been activated four or more times this turn, sacrifice Dragon Whelp at the beginning of the next end step.','2','3','dragon whelp','[\'R\']','None',NULL,NULL,'None','CMA','81','Steven Belledin','Uncommon'),('Earthquake',430301,'normal','{X}{R}',1.0,'[\'Red\']','[\'Sorcery\']','None','Earthquake deals X damage to each creature without flying and each player.','None','None','earthquake','[\'R\']','None',NULL,NULL,'They fell screaming into the depths of the chasm like so many pebbles tossed down a well.','CMA','82','Adrian Smith','Rare'),('Furnace Whelp',430302,'normal','{2}{R}{R}',4.0,'[\'Red\']','[\'Creature\']','[\'Dragon\']','Flying (This creature can\'t be blocked except by creatures with flying or reach.)\n{R}: Furnace Whelp gets +1/+0 until end of turn.','2','2','furnace whelp','[\'R\']','None',NULL,NULL,'Baby dragons can\'t figure out humans-if they didn\'t want to be killed, why were they made of meat and treasure?','CMA','83','Matt Cavotta','Uncommon'),('Mana-Charged Dragon',430303,'normal','{4}{R}{R}',6.0,'[\'Red\']','[\'Creature\']','[\'Dragon\']','Flying, trample\nJoin forces - Whenever Mana-Charged Dragon attacks or blocks, each player starting with you may pay any amount of mana. Mana-Charged Dragon gets +X/+0 until end of turn, where X is the total amount of mana paid this way.','5','5','mana-charged dragon','[\'R\']','None',NULL,NULL,'None','CMA','84','Mike Bierek','Rare'),('Oni of Wild Places',430304,'normal','{5}{R}',6.0,'[\'Red\']','[\'Creature\']','[\'Demon\', \'Spirit\']','Haste\nAt the beginning of your upkeep, return a red creature you control to its owner\'s hand.','6','5','oni of wild places','[\'R\']','None',NULL,NULL,'The oni leapt easily from peak to peak, toying with its victims, its voice a purr from the rumbling depths of nightmare.','CMA','85','Mark Tedin','Uncommon'),('Pyrohemia',430305,'normal','{2}{R}{R}',4.0,'[\'Red\']','[\'Enchantment\']','None','At the beginning of the end step, if no creatures are on the battlefield, sacrifice Pyrohemia.\n{R}: Pyrohemia deals 1 damage to each creature and each player.','None','None','pyrohemia','[\'R\']','None',NULL,NULL,'None','CMA','86','Stephen Tappin','Uncommon'),('Stranglehold',430306,'normal','{3}{R}',4.0,'[\'Red\']','[\'Enchantment\']','None','Your opponents can\'t search libraries.\nIf an opponent would begin an extra turn, that player skips that turn instead.','None','None','stranglehold','[\'R\']','None',NULL,NULL,'The correct answer to a barbarian\'s riddle is to choke on your cleverness and die.','CMA','87','John Stanko','Rare'),('Sulfurous Blast',430307,'normal','{2}{R}{R}',4.0,'[\'Red\']','[\'Instant\']','None','Sulfurous Blast deals 2 damage to each creature and each player. If you cast this spell during your main phase, Sulfurous Blast deals 3 damage to each creature and each player instead.','None','None','sulfurous blast','[\'R\']','None',NULL,NULL,'The Keldons used the toxic vents in the cracked earth to bolster their home\'s defenses.','CMA','88','Jeff Miracola','Uncommon'),('Vow of Lightning',430308,'normal','{2}{R}',3.0,'[\'Red\']','[\'Enchantment\']','[\'Aura\']','Enchant creature\nEnchanted creature gets +2/+2, has first strike, and can\'t attack you or a planeswalker you control.','None','None','vow of lightning','[\'R\']','None',NULL,NULL,'\"Ruhan would never agree to such terms.\"\n-Ruhan of the Fomori','CMA','89','Svetlin Velinov','Uncommon'),('Acidic Slime',430309,'normal','{3}{G}{G}',5.0,'[\'Green\']','[\'Creature\']','[\'Ooze\']','Deathtouch (Any amount of damage this deals to a creature is enough to destroy it.)\nWhen Acidic Slime enters the battlefield, destroy target artifact, enchantment, or land.','2','2','acidic slime','[\'G\']','None',NULL,NULL,'None','CMA','90','Karl Kopinski','Uncommon'),('Bane of Progress',430310,'normal','{4}{G}{G}',6.0,'[\'Green\']','[\'Creature\']','[\'Elemental\']','When Bane of Progress enters the battlefield, destroy all artifacts and enchantments. Put a +1/+1 counter on Bane of Progress for each permanent destroyed this way.','2','2','bane of progress','[\'G\']','None',NULL,NULL,'It sees shaped stone and carved wood as mutilations.','CMA','91','Lars Grant-West','Rare'),('Beastmaster Ascension',430311,'normal','{2}{G}',3.0,'[\'Green\']','[\'Enchantment\']','None','Whenever a creature you control attacks, you may put a quest counter on Beastmaster Ascension.\nAs long as Beastmaster Ascension has seven or more quest counters on it, creatures you control get +5/+5.','None','None','beastmaster ascension','[\'G\']','None',NULL,NULL,'None','CMA','92','Alex Horley-Orlandelli','Rare'),('Bloodspore Thrinax',430312,'normal','{2}{G}{G}',4.0,'[\'Green\']','[\'Creature\']','[\'Lizard\']','Devour 1 (As this enters the battlefield, you may sacrifice any number of creatures. This creature enters the battlefield with that many +1/+1 counters on it.)\nEach other creature you control enters the battlefield with an additional X +1/+1 counters on it, where X is the number of +1/+1 counters on Bloodspore Thrinax.','2','2','bloodspore thrinax','[\'G\']','None',NULL,NULL,'None','CMA','93','Ralph Horsley','Rare'),('Caller of the Pack',430313,'normal','{5}{G}{G}',7.0,'[\'Green\']','[\'Creature\']','[\'Beast\']','Trample\nMyriad (Whenever this creature attacks, for each opponent other than defending player, you may create a token that\'s a copy of this creature that\'s tapped and attacking that player or a planeswalker he or she controls. Exile the tokens at end of combat.)','8','6','caller of the pack','[\'G\']','None',NULL,NULL,'None','CMA','94','Ryan Yee','Uncommon'),('Centaur Vinecrasher',430314,'normal','{3}{G}',4.0,'[\'Green\']','[\'Creature\']','[\'Plant\', \'Centaur\']','Trample\nCentaur Vinecrasher enters the battlefield with a number of +1/+1 counters on it equal to the number of land cards in all graveyards.\nWhenever a land card is put into a graveyard from anywhere, you may pay {G}{G}. If you do, return Centaur Vinecrasher from your graveyard to your hand.','1','1','centaur vinecrasher','[\'G\']','None',NULL,NULL,'None','CMA','95','Robbie Trevino','Rare'),('Cloudthresher',430315,'normal','{2}{G}{G}{G}{G}',6.0,'[\'Green\']','[\'Creature\']','[\'Elemental\']','Flash\nReach\nWhen Cloudthresher enters the battlefield, it deals 2 damage to each creature with flying and each player.\nEvoke {2}{G}{G} (You may cast this spell for its evoke cost. If you do, it\'s sacrificed when it enters the battlefield.)','7','7','cloudthresher','[\'G\']','None',NULL,NULL,'None','CMA','96','Christopher Moeller','Rare'),('Collective Unconscious',430316,'normal','{4}{G}{G}',6.0,'[\'Green\']','[\'Sorcery\']','None','Draw a card for each creature you control.','None','None','collective unconscious','[\'G\']','None',NULL,NULL,'\"The beasts of the wild are my senses. It is through their eyes that all knowledge shall come to me.\"','CMA','97','Andrew Goldhawk','Rare'),('Creeperhulk',430317,'normal','{3}{G}{G}',5.0,'[\'Green\']','[\'Creature\']','[\'Plant\', \'Elemental\']','Trample\n{1}{G}: Until end of turn, target creature you control has base power and toughness 5/5 and gains trample.','5','5','creeperhulk','[\'G\']','None',NULL,NULL,'\"I saw the devastation when the juggernauts crashed the walls of An Karras. Then I got to thinking.\"\n-Janji, sylvan druid','CMA','98','Ralph Horsley','Rare'),('Curse of Predation',430318,'normal','{2}{G}',3.0,'[\'Green\']','[\'Enchantment\']','[\'Aura\', \'Curse\']','Enchant player\nWhenever a creature attacks enchanted player, put a +1/+1 counter on it.','None','None','curse of predation','[\'G\']','None',NULL,NULL,'\"Hunters feed on the fear of their prey.\"\n-Garruk Wildspeaker','CMA','99','Jack Wang','Uncommon'),('Desert Twister',430319,'normal','{4}{G}{G}',6.0,'[\'Green\']','[\'Sorcery\']','None','Destroy target permanent.','None','None','desert twister','[\'G\']','None',NULL,NULL,'Massive, mindless, and imbued with one terrible purpose.','CMA','100','Noah Bradley','Uncommon'),('Drove of Elves',430320,'normal','{3}{G}',4.0,'[\'Green\']','[\'Creature\']','[\'Elf\']','Hexproof\nDrove of Elves\'s power and toughness are each equal to the number of green permanents you control.','*','*','drove of elves','[\'G\']','None',NULL,NULL,'\"The light of beauty protects our journeys through darkness.\"','CMA','101','Larry MacDougall','Uncommon'),('Elvish Archdruid',430321,'normal','{1}{G}{G}',3.0,'[\'Green\']','[\'Creature\']','[\'Elf\', \'Druid\']','Other Elf creatures you control get +1/+1.\n{T}: Add {G} to your mana pool for each Elf you control.','2','2','elvish archdruid','[\'G\']','None',NULL,NULL,'He knows the name of every elf born in the last four centuries. More importantly, they all know his.','CMA','102','Karl Kopinski','Rare'),('Elvish Mystic',430322,'normal','{G}',1.0,'[\'Green\']','[\'Creature\']','[\'Elf\', \'Druid\']','{T}: Add {G} to your mana pool.','1','1','elvish mystic','[\'G\']','None',NULL,NULL,'\"Life grows everywhere. My kin merely find those places where it grows strongest.\"\n-Nissa Revane','CMA','103','Wesley Burt','Common'),('Elvish Skysweeper',430323,'normal','{G}',1.0,'[\'Green\']','[\'Creature\']','[\'Elf\', \'Warrior\']','{4}{G}, Sacrifice a creature: Destroy target creature with flying.','1','1','elvish skysweeper','[\'G\']','None',NULL,NULL,'The spires of Ravnica are no different from the tall trees of other planes. The elves navigate and protect them just the same.','CMA','104','Mark Tedin','Common'),('Elvish Visionary',430324,'normal','{1}{G}',2.0,'[\'Green\']','[\'Creature\']','[\'Elf\', \'Shaman\']','When Elvish Visionary enters the battlefield, draw a card.','1','1','elvish visionary','[\'G\']','None',NULL,NULL,'\"From a tiny sprout, the greatest trees grow and flourish. May the seeds of your mind be equally fruitful.\"','CMA','105','D. Alexander Gregory','Common'),('Essence Warden',430325,'normal','{G}',1.0,'[\'Green\']','[\'Creature\']','[\'Elf\', \'Shaman\']','Whenever another creature enters the battlefield, you gain 1 life.','1','1','essence warden','[\'G\']','None',NULL,NULL,'\"The more our numbers grow, the more I gain hope that Volrath and his cursed stronghold will one day fall.\"\n-Eladamri, Lord of Leaves','CMA','106','Terese Nielsen','Common'),('Eternal Witness',430326,'normal','{1}{G}{G}',3.0,'[\'Green\']','[\'Creature\']','[\'Human\', \'Shaman\']','When Eternal Witness enters the battlefield, you may return target card from your graveyard to your hand.','2','1','eternal witness','[\'G\']','None',NULL,NULL,'She remembers every word spoken, from the hero\'s oath to the baby\'s cry.','CMA','107','Terese Nielsen','Uncommon'),('Ezuri, Renegade Leader',430327,'normal','{1}{G}{G}',3.0,'[\'Green\']','[\'Creature\']','[\'Elf\', \'Warrior\']','{G}: Regenerate another target Elf.\n{2}{G}{G}{G}: Elf creatures you control get +3/+3 and gain trample until end of turn.','2','2','ezuri, renegade leader','[\'G\']','None',NULL,NULL,'The infamous Ezuri commands the highest bounty the vedalken have ever placed upon an outlaw.','CMA','108','Karl Kopinski','Rare'),('Farhaven Elf',430328,'normal','{2}{G}',3.0,'[\'Green\']','[\'Creature\']','[\'Elf\', \'Druid\']','When Farhaven Elf enters the battlefield, you may search your library for a basic land card and put it onto the battlefield tapped. If you do, shuffle your library.','1','1','farhaven elf','[\'G\']','None',NULL,NULL,'\"Verdant bloom does exist. It merely hides for its own safety.\"','CMA','109','Brandon Kitkouski','Common'),('Fresh Meat',430329,'normal','{3}{G}',4.0,'[\'Green\']','[\'Instant\']','None','Create a 3/3 green Beast creature token for each creature put into your graveyard from the battlefield this turn.','None','None','fresh meat','[\'G\']','None',NULL,NULL,'A scavenger\'s favorite appetizer is death.','CMA','110','Dave Allsop','Rare'),('Freyalise, Llanowar\'s Fury',430330,'normal','{3}{G}{G}',5.0,'[\'Green\']','[\'Planeswalker\']','[\'Freyalise\']','+2: Create a 1/1 green Elf Druid creature token with \"{T}: Add {G} to your mana pool.\"\n-2: Destroy target artifact or enchantment.\n-6: Draw a card for each green creature you control.\nFreyalise, Llanowar\'s Fury can be your commander.','None','None','freyalise, llanowar\'s fury','[\'G\']','3',NULL,NULL,'None','CMA','111','Adam Paquette','Mythic Rare'),('Grave Sifter',430331,'normal','{5}{G}',6.0,'[\'Green\']','[\'Creature\']','[\'Elemental\', \'Beast\']','When Grave Sifter enters the battlefield, each player chooses a creature type and returns any number of cards of that type from his or her graveyard to his or her hand.','5','7','grave sifter','[\'G\']','None',NULL,NULL,'It claws at the earth in a vain attempt to reclaim what it once was.','CMA','112','Jesper Ejsing','Rare'),('Great Oak Guardian',430332,'normal','{5}{G}',6.0,'[\'Green\']','[\'Creature\']','[\'Treefolk\']','Flash (You may cast this spell any time you could cast an instant.)\nReach\nWhen Great Oak Guardian enters the battlefield, creatures target player controls get +2/+2 until end of turn. Untap them.','4','5','great oak guardian','[\'G\']','None',NULL,NULL,'His roots reach deep and grip hard.','CMA','113','Steven Belledin','Uncommon'),('Grim Flowering',430333,'normal','{5}{G}',6.0,'[\'Green\']','[\'Sorcery\']','None','Draw a card for each creature card in your graveyard.','None','None','grim flowering','[\'G\']','None',NULL,NULL,'\"Nothing in nature goes to waste, not even the rotting corpse of a good-for-nothing, blood-sucking vampire.\"\n-Halana of Ulvenwald','CMA','114','Adam Paquette','Uncommon'),('Harrow',430334,'normal','{2}{G}',3.0,'[\'Green\']','[\'Instant\']','None','As an additional cost to cast Harrow, sacrifice a land.\nSearch your library for up to two basic land cards and put them onto the battlefield. Then shuffle your library.','None','None','harrow','[\'G\']','None',NULL,NULL,'No spot in nature is truly barren.','CMA','115','Rob Alexander','Common'),('Hunting Triad',430335,'normal','{3}{G}',4.0,'[\'Green\']','[\'Tribal\', \'Sorcery\']','[\'Elf\']','Create three 1/1 green Elf Warrior creature tokens.\nReinforce 3-{3}{G} ({3}{G}, Discard this card: Put three +1/+1 counters on target creature.)','None','None','hunting triad','[\'G\']','None',NULL,NULL,'\"Eyeblights are easy to track. Just follow the imperfections.\"','CMA','116','Jim Nelson','Uncommon'),('Immaculate Magistrate',430336,'normal','{3}{G}',4.0,'[\'Green\']','[\'Creature\']','[\'Elf\', \'Shaman\']','{T}: Put a +1/+1 counter on target creature for each Elf you control.','2','2','immaculate magistrate','[\'G\']','None',NULL,NULL,'Elves of the immaculate class weave flora into living creatures-sometimes to endorse an elite warrior, sometimes to create a breathing work of art.','CMA','117','Jim Nelson','Rare'),('Imperious Perfect',430337,'normal','{2}{G}',3.0,'[\'Green\']','[\'Creature\']','[\'Elf\', \'Warrior\']','Other Elf creatures you control get +1/+1.\n{G}, {T}: Create a 1/1 green Elf Warrior creature token.','2','2','imperious perfect','[\'G\']','None',NULL,NULL,'In a culture of beauty, the most beautiful are worshipped as gods.','CMA','118','Scott M. Fischer','Uncommon'),('Indrik Stomphowler',430338,'normal','{4}{G}',5.0,'[\'Green\']','[\'Creature\']','[\'Beast\']','When Indrik Stomphowler enters the battlefield, destroy target artifact or enchantment.','4','4','indrik stomphowler','[\'G\']','None',NULL,NULL,'\"An indrik\'s howl has destructive power much subtler than that of its crushing foot. The sound is mundane, but inaudible vibrations scatter and sunder magical contrivances.\"\n-Simic research notes','CMA','119','Carl Critchlow','Uncommon'),('Joraga Warcaller',430339,'normal','{G}',1.0,'[\'Green\']','[\'Creature\']','[\'Elf\', \'Warrior\']','Multikicker {1}{G} (You may pay an additional {1}{G} any number of times as you cast this spell.)\nJoraga Warcaller enters the battlefield with a +1/+1 counter on it for each time it was kicked.\nOther Elf creatures you control get +1/+1 for each +1/+1 counter on Joraga Warcaller.','1','1','joraga warcaller','[\'G\']','None',NULL,NULL,'None','CMA','120','Steven Belledin','Rare'),('Kazandu Tuskcaller',430340,'leveler','{1}{G}',2.0,'[\'Green\']','[\'Creature\']','[\'Human\', \'Shaman\']','Level up {1}{G} ({1}{G}: Put a level counter on this. Level up only as a sorcery.)\nLEVEL 2-5\n1/1\n{T}: Create a 3/3 green Elephant creature token.\nLEVEL 6+\n1/1\n{T}: Create two 3/3 green Elephant creature tokens.','1','1','kazandu tuskcaller','[\'G\']','None',NULL,NULL,'None','CMA','121','Mike Bierek','Rare'),('Kessig Cagebreakers',430341,'normal','{4}{G}',5.0,'[\'Green\']','[\'Creature\']','[\'Human\', \'Rogue\']','Whenever Kessig Cagebreakers attacks, create a 2/2 green Wolf creature token that\'s tapped and attacking for each creature card in your graveyard.','3','4','kessig cagebreakers','[\'G\']','None',NULL,NULL,'\"They put bars on these noble beasts and then wonder why werewolves target our towns.\"','CMA','122','Wayne England','Rare'),('Krosan Grip',430342,'normal','{2}{G}',3.0,'[\'Green\']','[\'Instant\']','None','Split second (As long as this spell is on the stack, players can\'t cast spells or activate abilities that aren\'t mana abilities.)\nDestroy target artifact or enchantment.','None','None','krosan grip','[\'G\']','None',NULL,NULL,'\"Give up these unnatural weapons, these scrolls. Heart and mind and fist are enough.\"\n-Zyd, Kamahlite druid','CMA','123','Zoltan Boros & Gabor Szikszai','Uncommon'),('Lifeblood Hydra',430343,'normal','{X}{G}{G}{G}',3.0,'[\'Green\']','[\'Creature\']','[\'Hydra\']','Trample\nLifeblood Hydra enters the battlefield with X +1/+1 counters on it.\nWhen Lifeblood Hydra dies, you gain life and draw cards equal to its power.','0','0','lifeblood hydra','[\'G\']','None',NULL,NULL,'Pharika has written her secrets on its bones so that only the worthy may discover them.','CMA','124','Alex Horley-Orlandelli','Rare'),('Llanowar Elves',430344,'normal','{G}',1.0,'[\'Green\']','[\'Creature\']','[\'Elf\', \'Druid\']','{T}: Add {G} to your mana pool.','1','1','llanowar elves','[\'G\']','None',NULL,NULL,'One bone broken for every twig snapped underfoot.\n-Llanowar penalty for trespassing','CMA','125','Kev Walker','Common'),('Lys Alana Huntmaster',430345,'normal','{2}{G}{G}',4.0,'[\'Green\']','[\'Creature\']','[\'Elf\', \'Warrior\']','Whenever you cast an Elf spell, you may create a 1/1 green Elf Warrior creature token.','3','3','lys alana huntmaster','[\'G\']','None',NULL,NULL,'From the highest tiers of Dawn\'s Light Palace to the deepest shade of Wren\'s Run, the silver notes of the horn shimmer through the air, and all who hear it feel its pull.','CMA','126','Pete Venters','Common'),('Masked Admirers',430346,'normal','{2}{G}{G}',4.0,'[\'Green\']','[\'Creature\']','[\'Elf\', \'Shaman\']','When Masked Admirers enters the battlefield, draw a card.\nWhenever you cast a creature spell, you may pay {G}{G}. If you do, return Masked Admirers from your graveyard to your hand.','3','2','masked admirers','[\'G\']','None',NULL,NULL,'\"Beauty determines value, and we determine beauty.\"','CMA','127','Eric Fortune','Rare'),('Mulch',430347,'normal','{1}{G}',2.0,'[\'Green\']','[\'Sorcery\']','None','Reveal the top four cards of your library. Put all land cards revealed this way into your hand and the rest into your graveyard.','None','None','mulch','[\'G\']','None',NULL,NULL,'The land knows no difference between the graves of commoners and nobles.','CMA','128','Christopher Moeller','Common'),('Mycoloth',430348,'normal','{3}{G}{G}',5.0,'[\'Green\']','[\'Creature\']','[\'Fungus\']','Devour 2 (As this enters the battlefield, you may sacrifice any number of creatures. This creature enters the battlefield with twice that many +1/+1 counters on it.)\nAt the beginning of your upkeep, create a 1/1 green Saproling creature token for each +1/+1 counter on Mycoloth.','4','4','mycoloth','[\'G\']','None',NULL,NULL,'None','CMA','129','Raymond Swanland','Rare'),('Overrun',430349,'normal','{2}{G}{G}{G}',5.0,'[\'Green\']','[\'Sorcery\']','None','Creatures you control get +3/+3 and gain trample until end of turn.','None','None','overrun','[\'G\']','None',NULL,NULL,'Nature doesn\'t walk.','CMA','130','Carl Critchlow','Uncommon'),('Overwhelming Stampede',430350,'normal','{3}{G}{G}',5.0,'[\'Green\']','[\'Sorcery\']','None','Until end of turn, creatures you control gain trample and get +X/+X, where X is the greatest power among creatures you control.','None','None','overwhelming stampede','[\'G\']','None',NULL,NULL,'None','CMA','131','Steven Belledin','Rare'),('Pathbreaker Ibex',430351,'normal','{4}{G}{G}',6.0,'[\'Green\']','[\'Creature\']','[\'Goat\']','Whenever Pathbreaker Ibex attacks, creatures you control gain trample and get +X/+X until end of turn, where X is the greatest power among creatures you control.','3','3','pathbreaker ibex','[\'G\']','None',NULL,NULL,'\"My skills are wasted here.\"\n-Juruk, Kalonian tracker','CMA','132','Christopher Moeller','Rare'),('Phantom Nantuko',430352,'normal','{2}{G}',3.0,'[\'Green\']','[\'Creature\']','[\'Insect\', \'Spirit\']','Trample\nPhantom Nantuko enters the battlefield with two +1/+1 counters on it.\nIf damage would be dealt to Phantom Nantuko, prevent that damage. Remove a +1/+1 counter from Phantom Nantuko.\n{T}: Put a +1/+1 counter on Phantom Nantuko.','0','0','phantom nantuko','[\'G\']','None',NULL,NULL,'None','CMA','133','Wayne England','Rare'),('Praetor\'s Counsel',430353,'normal','{5}{G}{G}{G}',8.0,'[\'Green\']','[\'Sorcery\']','None','Return all cards from your graveyard to your hand. Exile Praetor\'s Counsel. You have no maximum hand size for the rest of the game.','None','None','praetor\'s counsel','[\'G\']','None',NULL,NULL,'As the Phyrexian contagion corroded Karn\'s body, the praetors whispered psalms to corrupt his mind.','CMA','134','Daarken','Mythic Rare'),('Presence of Gond',430354,'normal','{2}{G}',3.0,'[\'Green\']','[\'Enchantment\']','[\'Aura\']','Enchant creature\nEnchanted creature has \"{T}: Create a 1/1 green Elf Warrior creature token.\"','None','None','presence of gond','[\'G\']','None',NULL,NULL,'\"Here lies Gond, hero of Safehold Taldwen. May he ever guide our quest.\"','CMA','135','Brandon Kitkouski','Common'),('Priest of Titania',430355,'normal','{1}{G}',2.0,'[\'Green\']','[\'Creature\']','[\'Elf\', \'Druid\']','{T}: Add {G} to your mana pool for each Elf on the battlefield.','1','1','priest of titania','[\'G\']','None',NULL,NULL,'Titania rewards all who honor the forest by making them a living part of it.','CMA','136','Rebecca Guay','Common'),('Primal Growth',430356,'normal','{2}{G}',3.0,'[\'Green\']','[\'Sorcery\']','None','Kicker-Sacrifice a creature. (You may sacrifice a creature in addition to any other costs as you cast this spell.)\nSearch your library for a basic land card, put that card onto the battlefield, then shuffle your library. If Primal Growth was kicked, instead search your library for up to two basic land cards, put them onto the battlefield, then shuffle your library.','None','None','primal growth','[\'G\']','None',NULL,NULL,'None','CMA','137','rk post','Common'),('Primordial Sage',430357,'normal','{4}{G}{G}',6.0,'[\'Green\']','[\'Creature\']','[\'Spirit\']','Whenever you cast a creature spell, you may draw a card.','4','5','primordial sage','[\'G\']','None',NULL,NULL,'For each creature that arrives in its audience, the sage imparts another piece of ancient wisdom for all to hear.','CMA','138','Justin Sweet','Rare'),('Rampaging Baloths',430358,'normal','{4}{G}{G}',6.0,'[\'Green\']','[\'Creature\']','[\'Beast\']','Trample\nLandfall - Whenever a land enters the battlefield under your control, you may create a 4/4 green Beast creature token.','6','6','rampaging baloths','[\'G\']','None',NULL,NULL,'\"When the land is angry, so are they.\"\n-Nissa Revane','CMA','139','Steve Prescott','Mythic Rare'),('Reclamation Sage',430359,'normal','{2}{G}',3.0,'[\'Green\']','[\'Creature\']','[\'Elf\', \'Shaman\']','When Reclamation Sage enters the battlefield, you may destroy target artifact or enchantment.','2','1','reclamation sage','[\'G\']','None',NULL,NULL,'\"What was once formed by masons, shaped by smiths, or given life by mages, I will return to the embrace of the earth.\"','CMA','140','Christopher Moeller','Uncommon'),('Restore',430360,'normal','{1}{G}',2.0,'[\'Green\']','[\'Sorcery\']','None','Put target land card from a graveyard onto the battlefield under your control.','None','None','restore','[\'G\']','None',NULL,NULL,'\"See, the land itself raises an altar to the ascendancy of nature.\"\n-Mayael the Anima','CMA','141','John Avon','Uncommon'),('Sakura-Tribe Elder',430361,'normal','{1}{G}',2.0,'[\'Green\']','[\'Creature\']','[\'Snake\', \'Shaman\']','Sacrifice Sakura-Tribe Elder: Search your library for a basic land card, put that card onto the battlefield tapped, then shuffle your library.','1','1','sakura-tribe elder','[\'G\']','None',NULL,NULL,'There were no tombstones in orochi territory. Slain warriors were buried with a tree sapling, so they would become a part of the forest after death.','CMA','142','Carl Critchlow','Common'),('Satyr Wayfinder',430362,'normal','{1}{G}',2.0,'[\'Green\']','[\'Creature\']','[\'Satyr\']','When Satyr Wayfinder enters the battlefield, reveal the top four cards of your library. You may put a land card from among them into your hand. Put the rest into your graveyard.','1','1','satyr wayfinder','[\'G\']','None',NULL,NULL,'The first satyr to wake after a revel must search for the site of the next one.','CMA','143','Steve Prescott','Common'),('Siege Behemoth',430363,'normal','{5}{G}{G}',7.0,'[\'Green\']','[\'Creature\']','[\'Beast\']','Hexproof\nAs long as Siege Behemoth is attacking, for each creature you control, you may have that creature assign its combat damage as though it weren\'t blocked.','7','4','siege behemoth','[\'G\']','None',NULL,NULL,'\"Hold the line, hold the li-\"\n-General Srok, last words','CMA','144','Jason A. Engle','Rare'),('Silklash Spider',430364,'normal','{3}{G}{G}',5.0,'[\'Green\']','[\'Creature\']','[\'Spider\']','Reach\n{X}{G}{G}: Silklash Spider deals X damage to each creature with flying.','2','7','silklash spider','[\'G\']','None',NULL,NULL,'By the time the spider comes to slurp up its dinner, its victims have been partially dissolved by acidic silk.','CMA','145','Iain McCaig','Rare'),('Skullwinder',430365,'normal','{2}{G}',3.0,'[\'Green\']','[\'Creature\']','[\'Snake\']','Deathtouch (Any amount of damage this deals to a creature is enough to destroy it.)\nWhen Skullwinder enters the battlefield, return target card from your graveyard to your hand, then choose an opponent. That player returns a card from his or her graveyard to his or her hand.','1','3','skullwinder','[\'G\']','None',NULL,NULL,'None','CMA','146','James Paick','Uncommon'),('Song of the Dryads',430366,'normal','{2}{G}',3.0,'[\'Green\']','[\'Enchantment\']','[\'Aura\']','Enchant permanent\nEnchanted permanent is a colorless Forest land.','None','None','song of the dryads','[\'G\']','None',NULL,NULL,'Few who encounter the strange, human-like grove leave once the lilting chorus of the dryads reaches their ears.','CMA','147','Lars Grant-West','Rare'),('Soul of the Harvest',430367,'normal','{4}{G}{G}',6.0,'[\'Green\']','[\'Creature\']','[\'Elemental\']','Trample\nWhenever another nontoken creature enters the battlefield under your control, you may draw a card.','6','6','soul of the harvest','[\'G\']','None',NULL,NULL,'It\'s there when a seed sprouts, when gourds ripen on the vines, and when the reapers cut the grains under the Harvest Moon.','CMA','148','Eytan Zana','Rare'),('Spider Spawning',430368,'normal','{4}{G}',5.0,'[\'Green\']','[\'Sorcery\']','None','Create a 1/2 green Spider creature token with reach for each creature card in your graveyard.\nFlashback {6}{B} (You may cast this card from your graveyard for its flashback cost. Then exile it.)','None','None','spider spawning','[\'G\', \'B\']','None',NULL,NULL,'None','CMA','149','Daniel Ljunggren','Uncommon'),('Sylvan Offering',430369,'normal','{X}{G}',1.0,'[\'Green\']','[\'Sorcery\']','None','Choose an opponent. You and that player each create an X/X green Treefolk creature token.\nChoose an opponent. You and that player each create X 1/1 green Elf Warrior creature tokens.','None','None','sylvan offering','[\'G\']','None',NULL,NULL,'None','CMA','150','Zoltan Boros','Rare'),('Sylvan Ranger',430370,'normal','{1}{G}',2.0,'[\'Green\']','[\'Creature\']','[\'Elf\', \'Scout\']','When Sylvan Ranger enters the battlefield, you may search your library for a basic land card, reveal it, put it into your hand, then shuffle your library.','1','1','sylvan ranger','[\'G\']','None',NULL,NULL,'\"Not all paths are found on the forest floor.\"','CMA','151','Christopher Moeller','Common'),('Sylvan Safekeeper',430371,'normal','{G}',1.0,'[\'Green\']','[\'Creature\']','[\'Human\', \'Wizard\']','Sacrifice a land: Target creature you control gains shroud until end of turn. (It can\'t be the target of spells or abilities.)','1','1','sylvan safekeeper','[\'G\']','None',NULL,NULL,'\"He has been to the heart of the wood. Did you truly expect to wield power over him?\"\n-Oakhide druid','CMA','152','Magali Villeneuve','Rare'),('Terastodon',430372,'normal','{6}{G}{G}',8.0,'[\'Green\']','[\'Creature\']','[\'Elephant\']','When Terastodon enters the battlefield, you may destroy up to three target noncreature permanents. For each permanent put into a graveyard this way, its controller creates a 3/3 green Elephant creature token.','9','9','terastodon','[\'G\']','None',NULL,NULL,'None','CMA','153','Lars Grant-West','Rare'),('Thornweald Archer',430373,'normal','{1}{G}',2.0,'[\'Green\']','[\'Creature\']','[\'Elf\', \'Archer\']','Reach (This creature can block creatures with flying.)\nDeathtouch (Any amount of damage this deals to a creature is enough to destroy it.)','2','1','thornweald archer','[\'G\']','None',NULL,NULL,'Their arrows are tipped with basilisk eyes and fletched with cockatrice feathers.','CMA','154','Dave Kendall','Common'),('Thunderfoot Baloth',430374,'normal','{4}{G}{G}',6.0,'[\'Green\']','[\'Creature\']','[\'Beast\']','Trample\nLieutenant - As long as you control your commander, Thunderfoot Baloth gets +2/+2 and other creatures you control get +2/+2 and have trample.','5','5','thunderfoot baloth','[\'G\']','None',NULL,NULL,'If you hear it, it\'s too late.','CMA','155','Marco Nelor','Rare'),('Timberwatch Elf',430375,'normal','{2}{G}',3.0,'[\'Green\']','[\'Creature\']','[\'Elf\']','{T}: Target creature gets +X/+X until end of turn, where X is the number of Elves on the battlefield.','1','2','timberwatch elf','[\'G\']','None',NULL,NULL,'Even through the Mirari\'s voice, the elves still hear the call of their kinship.','CMA','156','Dave Dorman','Common'),('Titania, Protector of Argoth',430376,'normal','{3}{G}{G}',5.0,'[\'Green\']','[\'Creature\']','[\'Elemental\']','When Titania, Protector of Argoth enters the battlefield, return target land card from your graveyard to the battlefield.\nWhenever a land you control is put into a graveyard from the battlefield, create a 5/3 green Elemental creature token.','5','3','titania, protector of argoth','[\'G\']','None',NULL,NULL,'None','CMA','157','Magali Villeneuve','Mythic Rare'),('Titania\'s Chosen',430377,'normal','{2}{G}',3.0,'[\'Green\']','[\'Creature\']','[\'Elf\', \'Archer\']','Whenever a player casts a green spell, put a +1/+1 counter on Titania\'s Chosen.','1','1','titania\'s chosen','[\'G\']','None',NULL,NULL,'\"What do a hero and an arrow have in common? In times of war are many more made.\"\n-Elvish riddle','CMA','158','Mark Zug','Uncommon'),('Tornado Elemental',430378,'normal','{5}{G}{G}',7.0,'[\'Green\']','[\'Creature\']','[\'Elemental\']','When Tornado Elemental enters the battlefield, it deals 6 damage to each creature with flying.\nYou may have Tornado Elemental assign its combat damage as though it weren\'t blocked.','6','6','tornado elemental','[\'G\']','None',NULL,NULL,'None','CMA','159','Richard Wright','Rare'),('Tribute to the Wild',430379,'normal','{1}{G}',2.0,'[\'Green\']','[\'Instant\']','None','Each opponent sacrifices an artifact or enchantment.','None','None','tribute to the wild','[\'G\']','None',NULL,NULL,'\"You may enter, but leave those lifeless things of your world behind.\"\n-Modruni, maro-sorcerer','CMA','160','Hideaki Takamura','Uncommon'),('Verdant Force',430380,'normal','{5}{G}{G}{G}',8.0,'[\'Green\']','[\'Creature\']','[\'Elemental\']','At the beginning of each upkeep, create a 1/1 green Saproling creature token.','7','7','verdant force','[\'G\']','None',NULL,NULL,'Left to itself, nature overflows any container, overthrows any restriction, and overreaches any boundary.','CMA','161','DiTerlizzi','Rare'),('Viridian Emissary',430381,'normal','{1}{G}',2.0,'[\'Green\']','[\'Creature\']','[\'Elf\', \'Scout\']','When Viridian Emissary dies, you may search your library for a basic land card, put it onto the battlefield tapped, then shuffle your library.','2','1','viridian emissary','[\'G\']','None',NULL,NULL,'None','CMA','162','Matt Stewart','Common'),('Viridian Zealot',430382,'normal','{G}{G}',2.0,'[\'Green\']','[\'Creature\']','[\'Elf\', \'Warrior\']','{1}{G}, Sacrifice Viridian Zealot: Destroy target artifact or enchantment.','2','1','viridian zealot','[\'G\']','None',NULL,NULL,'\"I will fight only the way nature intended-and nature intended us to win.\"','CMA','163','Kev Walker','Rare'),('Wall of Blossoms',430383,'normal','{1}{G}',2.0,'[\'Green\']','[\'Creature\']','[\'Plant\', \'Wall\']','Defender\nWhen Wall of Blossoms enters the battlefield, draw a card.','0','4','wall of blossoms','[\'G\']','None',NULL,NULL,'Each flower identical, every leaf and petal disturbingly exact.','CMA','164','Heather Hudson','Uncommon'),('Wave of Vitriol',430384,'normal','{5}{G}{G}',7.0,'[\'Green\']','[\'Sorcery\']','None','Each player sacrifices all artifacts, enchantments, and nonbasic lands he or she controls. For each land sacrificed this way, its controller may search his or her library for a basic land card and put it onto the battlefield tapped. Then each player who searched his or her library this way shuffles it.','None','None','wave of vitriol','[\'G\']','None',NULL,NULL,'None','CMA','165','Zoltan Boros','Rare'),('Wellwisher',430385,'normal','{1}{G}',2.0,'[\'Green\']','[\'Creature\']','[\'Elf\']','{T}: You gain 1 life for each Elf on the battlefield.','1','1','wellwisher','[\'G\']','None',NULL,NULL,'\"Close your ears to the voice of greed, and you can turn a gift for one into a gift for many.\"','CMA','166','Karl Kopinski','Common'),('Whirlwind',430386,'normal','{2}{G}{G}',4.0,'[\'Green\']','[\'Sorcery\']','None','Destroy all creatures with flying.','None','None','whirlwind','[\'G\']','None',NULL,NULL,'Urza tried to rule the air, but Gaea taught him that she controlled all the elements.','CMA','167','John Matson','Rare'),('Wolfbriar Elemental',430387,'normal','{2}{G}{G}',4.0,'[\'Green\']','[\'Creature\']','[\'Elemental\']','Multikicker {G} (You may pay an additional {G} any number of times as you cast this spell.)\nWhen Wolfbriar Elemental enters the battlefield, create a 2/2 green Wolf creature token for each time it was kicked.','4','4','wolfbriar elemental','[\'G\']','None',NULL,NULL,'None','CMA','168','Chippy','Rare'),('Wolfcaller\'s Howl',430388,'normal','{3}{G}',4.0,'[\'Green\']','[\'Enchantment\']','None','At the beginning of your upkeep, create X 2/2 green Wolf creature tokens, where X is the number of your opponents with four or more cards in hand.','None','None','wolfcaller\'s howl','[\'G\']','None',NULL,NULL,'\"Knowledge is a stain that only instinct and ferocity can cleanse.\"\n-Drarg, wolfcaller','CMA','169','Ralph Horsley','Rare'),('Wood Elves',430389,'normal','{2}{G}',3.0,'[\'Green\']','[\'Creature\']','[\'Elf\', \'Scout\']','When Wood Elves enters the battlefield, search your library for a Forest card and put that card onto the battlefield. Then shuffle your library.','1','1','wood elves','[\'G\']','None',NULL,NULL,'Every branch a crossroads, every vine a swift steed.','CMA','170','Christopher Moeller','Common'),('Wren\'s Run Packmaster',430390,'normal','{3}{G}',4.0,'[\'Green\']','[\'Creature\']','[\'Elf\', \'Warrior\']','Champion an Elf (When this creature enters the battlefield, sacrifice it unless you exile another Elf you control. When this creature leaves the battlefield, that card returns to the battlefield.)\n{2}{G}: Create a 2/2 green Wolf creature token.\nWolves you control have deathtouch.','5','5','wren\'s run packmaster','[\'G\']','None',NULL,NULL,'None','CMA','171','Mark Zug','Rare'),('Aethermage\'s Touch',430391,'normal','{2}{W}{U}',4.0,'[\'White\', \'Blue\']','[\'Instant\']','None','Reveal the top four cards of your library. You may put a creature card from among them onto the battlefield. It gains \"At the beginning of your end step, return this creature to its owner\'s hand.\" Then put the rest of the cards revealed this way on the bottom of your library in any order.','None','None','aethermage\'s touch','[\'W\', \'U\']','None',NULL,NULL,'None','CMA','172','Randy Gallegos','Rare'),('Angel of Despair',430392,'normal','{3}{W}{W}{B}{B}',7.0,'[\'White\', \'Black\']','[\'Creature\']','[\'Angel\']','Flying\nWhen Angel of Despair enters the battlefield, destroy target permanent.','5','5','angel of despair','[\'W\', \'B\']','None',NULL,NULL,'\"I feel in them a sense of duty and commitment, yet I can feel nothing else. It is as if their duty is to an empty void.\"\n-Razia, Boros archangel','CMA','173','Todd Lockwood','Rare'),('Basandra, Battle Seraph',430393,'normal','{3}{R}{W}',5.0,'[\'White\', \'Red\']','[\'Creature\']','[\'Angel\']','Flying\nPlayers can\'t cast spells during combat.\n{R}: Target creature attacks this turn if able.','4','4','basandra, battle seraph','[\'W\', \'R\']','None',NULL,NULL,'\"Why listen to the mumblings of wizards when the lash speaks true?\"','CMA','174','Terese Nielsen','Rare'),('Bladewing the Risen',430394,'normal','{3}{B}{B}{R}{R}',7.0,'[\'Black\', \'Red\']','[\'Creature\']','[\'Zombie\', \'Dragon\']','Flying\nWhen Bladewing the Risen enters the battlefield, you may return target Dragon permanent card from your graveyard to the battlefield.\n{B}{R}: Dragon creatures get +1/+1 until end of turn.','4','4','bladewing the risen','[\'B\', \'R\']','None',NULL,NULL,'None','CMA','175','Kev Walker','Rare'),('Derevi, Empyrial Tactician',430395,'normal','{G}{W}{U}',3.0,'[\'White\', \'Blue\', \'Green\']','[\'Creature\']','[\'Bird\', \'Wizard\']','Flying\nWhenever Derevi, Empyrial Tactician enters the battlefield or a creature you control deals combat damage to a player, you may tap or untap target permanent.\n{1}{G}{W}{U}: Put Derevi onto the battlefield from the command zone.','2','3','derevi, empyrial tactician','[\'W\', \'U\', \'G\']','None',NULL,NULL,'None','CMA','176','Michael Komarck','Mythic Rare'),('Golgari Charm',430396,'normal','{B}{G}',2.0,'[\'Black\', \'Green\']','[\'Instant\']','None','Choose one -\n• All creatures get -1/-1 until end of turn.\n• Destroy target enchantment.\n• Regenerate each creature you control.','None','None','golgari charm','[\'B\', \'G\']','None',NULL,NULL,'\"Let the rest of Ravnica sneer. One way or another, they all end up in the undercity.\"\n-Jarad','CMA','177','Zoltan Boros','Uncommon'),('Grisly Salvage',430397,'normal','{B}{G}',2.0,'[\'Black\', \'Green\']','[\'Instant\']','None','Reveal the top five cards of your library. You may put a creature or land card from among them into your hand. Put the rest into your graveyard.','None','None','grisly salvage','[\'B\', \'G\']','None',NULL,NULL,'To the Golgari, anything buried is treasure.','CMA','178','Dave Kendall','Common'),('Jarad, Golgari Lich Lord',430398,'normal','{B}{B}{G}{G}',4.0,'[\'Black\', \'Green\']','[\'Creature\']','[\'Zombie\', \'Elf\']','Jarad, Golgari Lich Lord gets +1/+1 for each creature card in your graveyard.\n{1}{B}{G}, Sacrifice another creature: Each opponent loses life equal to the sacrificed creature\'s power.\nSacrifice a Swamp and a Forest: Return Jarad from your graveyard to your hand.','2','2','jarad, golgari lich lord','[\'B\', \'G\']','None',NULL,NULL,'None','CMA','179','Eric Deschamps','Mythic Rare'),('Kaalia of the Vast',430399,'normal','{1}{W}{B}{R}',4.0,'[\'White\', \'Black\', \'Red\']','[\'Creature\']','[\'Human\', \'Cleric\']','Flying\nWhenever Kaalia of the Vast attacks an opponent, you may put an Angel, Demon, or Dragon creature card from your hand onto the battlefield tapped and attacking that opponent.','2','2','kaalia of the vast','[\'W\', \'B\', \'R\']','None',NULL,NULL,'\"I\'ll have my revenge if I have to call on every force from above and below.\"','CMA','180','Michael Komarck','Mythic Rare'),('Korozda Guildmage',430400,'normal','{B}{G}',2.0,'[\'Black\', \'Green\']','[\'Creature\']','[\'Elf\', \'Shaman\']','{1}{B}{G}: Target creature gets +1/+1 and gains intimidate until end of turn. (It can\'t be blocked except by artifact creatures and/or creatures that share a color with it.)\n{2}{B}{G}, Sacrifice a nontoken creature: Create X 1/1 green Saproling creature tokens, where X is the sacrificed creature\'s toughness.','2','2','korozda guildmage','[\'B\', \'G\']','None',NULL,NULL,'None','CMA','181','Ryan Pancoast','Uncommon'),('Leafdrake Roost',430401,'normal','{3}{G}{U}',5.0,'[\'Blue\', \'Green\']','[\'Enchantment\']','[\'Aura\']','Enchant land\nEnchanted land has \"{G}{U}, {T}: Create a 2/2 green and blue Drake creature token with flying.\"','None','None','leafdrake roost','[\'U\', \'G\']','None',NULL,NULL,'\"The best experiments are those whose successes replicate themselves.\"\n-Yolov, Simic bioengineer','CMA','182','Nick Percival','Uncommon'),('Lotleth Troll',430402,'normal','{B}{G}',2.0,'[\'Black\', \'Green\']','[\'Creature\']','[\'Zombie\', \'Troll\']','Trample\nDiscard a creature card: Put a +1/+1 counter on Lotleth Troll.\n{B}: Regenerate Lotleth Troll.','2','1','lotleth troll','[\'B\', \'G\']','None',NULL,NULL,'He lurks in the undercity, eager for the corpse haulers to unload their rotting cargo.','CMA','183','Vincent Proce','Rare'),('Malfegor',430403,'normal','{2}{B}{B}{R}{R}',6.0,'[\'Black\', \'Red\']','[\'Creature\']','[\'Demon\', \'Dragon\']','Flying\nWhen Malfegor enters the battlefield, discard your hand. Each opponent sacrifices a creature for each card discarded this way.','6','6','malfegor','[\'B\', \'R\']','None',NULL,NULL,'A demon cannot be trusted, and a dragon will not be ruled.','CMA','184','Jason Chan','Mythic Rare'),('Mazirek, Kraul Death Priest',430404,'normal','{3}{B}{G}',5.0,'[\'Black\', \'Green\']','[\'Creature\']','[\'Insect\', \'Shaman\']','Flying\nWhenever a player sacrifices another permanent, put a +1/+1 counter on each creature you control.','2','2','mazirek, kraul death priest','[\'B\', \'G\']','None',NULL,NULL,'The clicks and buzz of the undercity proclaim him the incarnation of decay.','CMA','185','Mathias Kollros','Mythic Rare'),('Meren of Clan Nel Toth',430405,'normal','{2}{B}{G}',4.0,'[\'Black\', \'Green\']','[\'Creature\']','[\'Human\', \'Shaman\']','Whenever another creature you control dies, you get an experience counter.\nAt the beginning of your end step, choose target creature card in your graveyard. If that card\'s converted mana cost is less than or equal to the number of experience counters you have, return it to the battlefield. Otherwise, put it into your hand.','3','4','meren of clan nel toth','[\'B\', \'G\']','None',NULL,NULL,'None','CMA','186','Mark Winters','Mythic Rare'),('Mortify',430406,'normal','{1}{W}{B}',3.0,'[\'White\', \'Black\']','[\'Instant\']','None','Destroy target creature or enchantment.','None','None','mortify','[\'W\', \'B\']','None',NULL,NULL,'The eyes let flow with tears, then blood, then the very soul-the whole wrung inside out, dripping down into the blackened puddle of the past.','CMA','187','Glen Angus','Uncommon'),('Oros, the Avenger',430407,'normal','{3}{W}{B}{R}',6.0,'[\'White\', \'Black\', \'Red\']','[\'Creature\']','[\'Dragon\']','Flying\nWhenever Oros, the Avenger deals combat damage to a player, you may pay {2}{W}. If you do, Oros deals 3 damage to each nonwhite creature.','6','6','oros, the avenger','[\'W\', \'B\', \'R\']','None',NULL,NULL,'None','CMA','188','Daren Bader','Rare'),('Putrefy',430408,'normal','{1}{B}{G}',3.0,'[\'Black\', \'Green\']','[\'Instant\']','None','Destroy target artifact or creature. It can\'t be regenerated.','None','None','putrefy','[\'B\', \'G\']','None',NULL,NULL,'\"We are all decaying, always in a state of near-death. One moment without breath and we begin to break down.\"\n-Cevraya, Golgari shaman','CMA','189','Igor Kieryluk','Uncommon'),('Roon of the Hidden Realm',430409,'normal','{2}{G}{W}{U}',5.0,'[\'White\', \'Blue\', \'Green\']','[\'Creature\']','[\'Rhino\', \'Soldier\']','Vigilance, trample\n{2}, {T}: Exile another target creature. Return that card to the battlefield under its owner\'s control at the beginning of the next end step.','4','4','roon of the hidden realm','[\'W\', \'U\', \'G\']','None',NULL,NULL,'\"Time and space are just new battlefields to be mastered.\"','CMA','190','Steve Prescott','Mythic Rare'),('Rubinia Soulsinger',430410,'normal','{2}{G}{W}{U}',5.0,'[\'White\', \'Blue\', \'Green\']','[\'Creature\']','[\'Faerie\']','You may choose not to untap Rubinia Soulsinger during your untap step.\n{T}: Gain control of target creature for as long as you control Rubinia and Rubinia remains tapped.','2','3','rubinia soulsinger','[\'W\', \'U\', \'G\']','None',NULL,NULL,'\"Take up the quill, and feel your future flow into the runes.\"','CMA','191','Cynthia Sheppard','Rare'),('Selesnya Charm',430411,'normal','{G}{W}',2.0,'[\'White\', \'Green\']','[\'Instant\']','None','Choose one -\n• Target creature gets +2/+2 and gains trample until end of turn.\n• Exile target creature with power 5 or greater.\n• Create a 2/2 white Knight creature token with vigilance.','None','None','selesnya charm','[\'W\', \'G\']','None',NULL,NULL,'None','CMA','192','Zoltan Boros','Uncommon'),('Skyward Eye Prophets',430412,'normal','{3}{G}{W}{U}',6.0,'[\'White\', \'Blue\', \'Green\']','[\'Creature\']','[\'Human\', \'Wizard\']','Vigilance\n{T}: Reveal the top card of your library. If it\'s a land card, put it onto the battlefield. Otherwise, put it into your hand.','3','3','skyward eye prophets','[\'W\', \'U\', \'G\']','None',NULL,NULL,'They lament the doom that is coming to Bant without realizing the part their own leaders have played in it.','CMA','193','Matt Stewart','Uncommon'),('Tariel, Reckoner of Souls',430413,'normal','{4}{W}{B}{R}',7.0,'[\'White\', \'Black\', \'Red\']','[\'Creature\']','[\'Angel\']','Flying, vigilance\n{T}: Choose a creature card at random from target opponent\'s graveyard. Put that card onto the battlefield under your control.','4','7','tariel, reckoner of souls','[\'W\', \'B\', \'R\']','None',NULL,NULL,'\"After death you face paradise, damnation, or Tariel.\"\n-Priest\'s teaching','CMA','194','Wayne Reynolds','Mythic Rare'),('Terminate',430414,'normal','{B}{R}',2.0,'[\'Black\', \'Red\']','[\'Instant\']','None','Destroy target creature. It can\'t be regenerated.','None','None','terminate','[\'B\', \'R\']','None',NULL,NULL,'\"I\'ve seen death before. My mother succumbing to illness, my comrades bleeding on the battlefield . . . But I\'d never seen anything as dreadful as that.\"\n-Taani, berserker of Etlan','CMA','195','Wayne Reynolds','Common'),('Vulturous Zombie',430415,'normal','{3}{B}{G}',5.0,'[\'Black\', \'Green\']','[\'Creature\']','[\'Plant\', \'Zombie\']','Flying\nWhenever a card is put into an opponent\'s graveyard from anywhere, put a +1/+1 counter on Vulturous Zombie.','3','3','vulturous zombie','[\'B\', \'G\']','None',NULL,NULL,'\"When something dies, all things benefit. Well okay, just our things.\"\n-Ezoc, Golgari rot farmer','CMA','196','Greg Staples','Rare'),('Winged Coatl',430416,'normal','{1}{G}{U}',3.0,'[\'Blue\', \'Green\']','[\'Creature\']','[\'Snake\']','Flash (You may cast this spell any time you could cast an instant.)\nFlying\nDeathtouch (Any amount of damage this deals to a creature is enough to destroy it.)','1','1','winged coatl','[\'U\', \'G\']','None',NULL,NULL,'The nacatl called this new species \"vetli,\" their word for poison arrows.','CMA','197','Izzy','Common'),('Wrecking Ball',430417,'normal','{2}{B}{R}',4.0,'[\'Black\', \'Red\']','[\'Instant\']','None','Destroy target creature or land.','None','None','wrecking ball','[\'B\', \'R\']','None',NULL,NULL,'Rakdos festivals almost leave enough rubble in their wake to hide the bodies.','CMA','198','Ron Spears','Common'),('Boros Guildmage',430418,'normal','{R/W}{R/W}',2.0,'[\'White\', \'Red\']','[\'Creature\']','[\'Human\', \'Wizard\']','{1}{R}: Target creature gains haste until end of turn.\n{1}{W}: Target creature gains first strike until end of turn.','2','2','boros guildmage','[\'W\', \'R\']','None',NULL,NULL,'None','CMA','199','Paolo Parente','Uncommon'),('Duergar Hedge-Mage',430419,'normal','{2}{R/W}',3.0,'[\'White\', \'Red\']','[\'Creature\']','[\'Dwarf\', \'Shaman\']','When Duergar Hedge-Mage enters the battlefield, if you control two or more Mountains, you may destroy target artifact.\nWhen Duergar Hedge-Mage enters the battlefield, if you control two or more Plains, you may destroy target enchantment.','2','2','duergar hedge-mage','[\'W\', \'R\']','None',NULL,NULL,'None','CMA','200','Dave Allsop','Uncommon'),('Gwyllion Hedge-Mage',430420,'normal','{2}{W/B}',3.0,'[\'White\', \'Black\']','[\'Creature\']','[\'Hag\', \'Wizard\']','When Gwyllion Hedge-Mage enters the battlefield, if you control two or more Plains, you may create a 1/1 white Kithkin Soldier creature token.\nWhen Gwyllion Hedge-Mage enters the battlefield, if you control two or more Swamps, you may put a -1/-1 counter on target creature.','2','2','gwyllion hedge-mage','[\'W\', \'B\']','None',NULL,NULL,'None','CMA','201','Todd Lockwood','Uncommon'),('Master Warcraft',430421,'normal','{2}{R/W}{R/W}',4.0,'[\'White\', \'Red\']','[\'Instant\']','None','Cast Master Warcraft only before attackers are declared.\nYou choose which creatures attack this turn.\nYou choose which creatures block this turn and how those creatures block.','None','None','master warcraft','[\'W\', \'R\']','None',NULL,NULL,'None','CMA','202','Zoltan Boros & Gabor Szikszai','Rare'),('Mistmeadow Witch',430422,'normal','{1}{W/U}',2.0,'[\'White\', \'Blue\']','[\'Creature\']','[\'Kithkin\', \'Wizard\']','{2}{W}{U}: Exile target creature. Return that card to the battlefield under its owner\'s control at the beginning of the next end step.','1','1','mistmeadow witch','[\'W\', \'U\']','None',NULL,NULL,'Olka collected the evening mist for years, studying its secrets. Once she learned its essence, she could vanish with a thought.','CMA','203','Greg Staples','Uncommon'),('Murkfiend Liege',430423,'normal','{2}{G/U}{G/U}{G/U}',5.0,'[\'Blue\', \'Green\']','[\'Creature\']','[\'Horror\']','Other green creatures you control get +1/+1.\nOther blue creatures you control get +1/+1.\nUntap all green and/or blue creatures you control during each other player\'s untap step.','4','4','murkfiend liege','[\'U\', \'G\']','None',NULL,NULL,'None','CMA','204','Carl Critchlow','Rare'),('Orzhov Guildmage',430424,'normal','{W/B}{W/B}',2.0,'[\'White\', \'Black\']','[\'Creature\']','[\'Human\', \'Wizard\']','{2}{W}: Target player gains 1 life.\n{2}{B}: Each player loses 1 life.','2','2','orzhov guildmage','[\'W\', \'B\']','None',NULL,NULL,'None','CMA','205','Greg Staples','Uncommon'),('Selesnya Guildmage',430425,'normal','{G/W}{G/W}',2.0,'[\'White\', \'Green\']','[\'Creature\']','[\'Elf\', \'Wizard\']','{3}{G}: Create a 1/1 green Saproling creature token.\n{3}{W}: Creatures you control get +1/+1 until end of turn.','2','2','selesnya guildmage','[\'W\', \'G\']','None',NULL,NULL,'None','CMA','206','Mark Zug','Uncommon'),('Armillary Sphere',430426,'normal','{2}',2.0,'None','[\'Artifact\']','None','{2}, {T}, Sacrifice Armillary Sphere: Search your library for up to two basic land cards, reveal them, and put them into your hand. Then shuffle your library.','None','None','armillary sphere','None','None',NULL,NULL,'The mysterious purpose of two of the rings had eluded Esper mages-until now.','CMA','207','Franz Vohwinkel','Common'),('Assault Suit',430427,'normal','{4}',4.0,'None','[\'Artifact\']','[\'Equipment\']','Equipped creature gets +2/+2, has haste, can\'t attack you or a planeswalker you control, and can\'t be sacrificed.\nAt the beginning of each opponent\'s upkeep, you may have that player gain control of equipped creature until end of turn. If you do, untap it.\nEquip {3}','None','None','assault suit','None','None',NULL,NULL,'None','CMA','208','James Paick','Uncommon'),('Azorius Keyrune',430428,'normal','{3}',3.0,'None','[\'Artifact\']','None','{T}: Add {W} or {U} to your mana pool.\n{W}{U}: Azorius Keyrune becomes a 2/2 white and blue Bird artifact creature with flying until end of turn.','None','None','azorius keyrune','[\'W\', \'U\']','None',NULL,NULL,'\"The higher the mind soars, the greater its understanding of the law.\"\n-Isperia','CMA','209','Daniel Ljunggren','Uncommon'),('Basalt Monolith',430429,'normal','{3}',3.0,'None','[\'Artifact\']','None','Basalt Monolith doesn\'t untap during your untap step.\n{T}: Add {C}{C}{C} to your mana pool.\n{3}: Untap Basalt Monolith.','None','None','basalt monolith','None','None',NULL,NULL,'None','CMA','210','Yeong-Hao Han','Uncommon'),('Bonehoard',430430,'normal','{4}',4.0,'None','[\'Artifact\']','[\'Equipment\']','Living weapon (When this Equipment enters the battlefield, create a 0/0 black Germ creature token, then attach this to it.)\nEquipped creature gets +X/+X, where X is the number of creature cards in all graveyards.\nEquip {2}','None','None','bonehoard','None','None',NULL,NULL,'None','CMA','211','Chippy','Rare'),('Boros Signet',430431,'normal','{2}',2.0,'None','[\'Artifact\']','None','{1}, {T}: Add {R}{W} to your mana pool.','None','None','boros signet','[\'R\', \'W\']','None',NULL,NULL,'\"Have you ever held a Boros signet? There\'s a weight to it that belies its size-a weight of strength and of pride.\"\n-Agrus Kos','CMA','212','Greg Hildebrandt','Common'),('Commander\'s Sphere',430432,'normal','{3}',3.0,'None','[\'Artifact\']','None','{T}: Add to your mana pool one mana of any color in your commander\'s color identity.\nSacrifice Commander\'s Sphere: Draw a card.','None','None','commander\'s sphere','None','None',NULL,NULL,'It harmonizes with the essence of its master.','CMA','213','Ryan Alexander Lee','Common'),('Conjurer\'s Closet',430433,'normal','{5}',5.0,'None','[\'Artifact\']','None','At the beginning of your end step, you may exile target creature you control, then return that card to the battlefield under your control.','None','None','conjurer\'s closet','None','None',NULL,NULL,'\"Tomorrow wears yesterday\'s face.\"\n-Kordel the Cryptic','CMA','214','Jason Felix','Rare'),('Darksteel Ingot',430434,'normal','{3}',3.0,'None','[\'Artifact\']','None','Indestructible\n{T}: Add one mana of any color to your mana pool.','None','None','darksteel ingot','None','None',NULL,NULL,'\"It reflects the purity of Mirrodin-that-was.\"\n-Koth of the Hammer','CMA','215','Martina Pilcerova','Uncommon'),('Eldrazi Monument',430435,'normal','{5}',5.0,'None','[\'Artifact\']','None','Creatures you control get +1/+1 and have flying and indestructible.\nAt the beginning of your upkeep, sacrifice a creature. If you can\'t, sacrifice Eldrazi Monument.','None','None','eldrazi monument','None','None',NULL,NULL,'\"Gods don\'t die. They merely slumber.\"\n-Ayli, Kamsa cleric','CMA','216','Mark Tedin','Mythic Rare'),('Emerald Medallion',430436,'normal','{2}',2.0,'None','[\'Artifact\']','None','Green spells you cast cost {1} less to cast.','None','None','emerald medallion','None','None',NULL,NULL,'None','CMA','217','Daniel Ljunggren','Rare'),('Golgari Signet',430437,'normal','{2}',2.0,'None','[\'Artifact\']','None','{1}, {T}: Add {B}{G} to your mana pool.','None','None','golgari signet','[\'B\', \'G\']','None',NULL,NULL,'Depending on your point of view, the seal represents a proud guardian of the natural cycle or one who has sold her soul to darkness for eternal life.','CMA','218','Raoul Vitale','Common'),('Leonin Bladetrap',430438,'normal','{3}',3.0,'None','[\'Artifact\']','None','Flash (You may cast this spell any time you could cast an instant.)\n{2}, Sacrifice Leonin Bladetrap: Leonin Bladetrap deals 2 damage to each attacking creature without flying.','None','None','leonin bladetrap','None','None',NULL,NULL,'None','CMA','219','Randy Gallegos','Uncommon'),('Lightning Greaves',430439,'normal','{2}',2.0,'None','[\'Artifact\']','[\'Equipment\']','Equipped creature has haste and shroud. (It can\'t be the target of spells or abilities.)\nEquip {0}','None','None','lightning greaves','None','None',NULL,NULL,'After lightning struck the cliffs, the ore became iron, the iron became steel, and the steel became greaves. The lightning never left.','CMA','220','Jeremy Jarvis','Uncommon'),('Loreseeker\'s Stone',430440,'normal','{6}',6.0,'None','[\'Artifact\']','None','{3}, {T}: Draw three cards. This ability costs {1} more to activate for each card in your hand.','None','None','loreseeker\'s stone','None','None',NULL,NULL,'Mages come from far and wide to bathe in its wisdom.','CMA','221','Franz Vohwinkel','Uncommon'),('Moss Diamond',430441,'normal','{2}',2.0,'None','[\'Artifact\']','None','Moss Diamond enters the battlefield tapped.\n{T}: Add {G} to your mana pool.','None','None','moss diamond','[\'G\']','None',NULL,NULL,'None','CMA','222','Lindsey Look','Uncommon'),('Orzhov Signet',430442,'normal','{2}',2.0,'None','[\'Artifact\']','None','{1}, {T}: Add {W}{B} to your mana pool.','None','None','orzhov signet','[\'W\', \'B\']','None',NULL,NULL,'The form of the sigil is just as important as the sigil itself. If it\'s carried on a medallion, its bearer is a master. If it\'s tattooed on the body, its bearer is a slave.','CMA','223','Greg Hildebrandt','Common'),('Pilgrim\'s Eye',430443,'normal','{3}',3.0,'None','[\'Artifact\', \'Creature\']','[\'Thopter\']','Flying\nWhen Pilgrim\'s Eye enters the battlefield, you may search your library for a basic land card, reveal it, put it into your hand, then shuffle your library.','1','1','pilgrim\'s eye','None','None',NULL,NULL,'The kor send their thopter kites to see if the land is in a welcoming mood.','CMA','224','Dan Scott','Common'),('Predator, Flagship',430444,'normal','{5}',5.0,'None','[\'Artifact\']','None','{2}: Target creature gains flying until end of turn.\n{5}, {T}: Destroy target creature with flying.','None','None','predator, flagship','None','None',NULL,NULL,'\"The scourge of Skyshroud is airborne once more.\"\n-Oracle en-Vec','CMA','225','Mark Tedin','Rare'),('Rakdos Signet',430445,'normal','{2}',2.0,'None','[\'Artifact\']','None','{1}, {T}: Add {B}{R} to your mana pool.','None','None','rakdos signet','[\'B\', \'R\']','None',NULL,NULL,'Made of bone and boiled in blood, a Rakdos signet is not considered finished until it has been used as a murder weapon.','CMA','226','Greg Hildebrandt','Common'),('Seer\'s Sundial',430446,'normal','{4}',4.0,'None','[\'Artifact\']','None','Landfall - Whenever a land enters the battlefield under your control, you may pay {2}. If you do, draw a card.','None','None','seer\'s sundial','None','None',NULL,NULL,'\"The shadow travels toward the apex. I predict we will soon see the true measure of darkness.\"','CMA','227','Franz Vohwinkel','Rare'),('Selesnya Signet',430447,'normal','{2}',2.0,'None','[\'Artifact\']','None','{1}, {T}: Add {G}{W} to your mana pool.','None','None','selesnya signet','[\'G\', \'W\']','None',NULL,NULL,'The symbol of the Conclave is one of unity, with tree supporting sun and sun feeding tree.','CMA','228','Raoul Vitale','Common'),('Simic Signet',430448,'normal','{2}',2.0,'None','[\'Artifact\']','None','{1}, {T}: Add {G}{U} to your mana pool.','None','None','simic signet','[\'G\', \'U\']','None',NULL,NULL,'For the Simic Combine, its sigil serves not as an emblem of honor but as a trademark. Its familiar image on any biological commodity attests to superb craftsmanship, ingenious innovation, and higher cost.','CMA','229','Mike Sass','Common'),('Skullclamp',430449,'normal','{1}',1.0,'None','[\'Artifact\']','[\'Equipment\']','Equipped creature gets +1/-1.\nWhenever equipped creature dies, draw two cards.\nEquip {1}','None','None','skullclamp','None','None',NULL,NULL,'The mind is a beautiful bounty encased in an annoying bone container.','CMA','230','Daniel Ljunggren','Uncommon'),('Sol Ring',430450,'normal','{1}',1.0,'None','[\'Artifact\']','None','{T}: Add {C}{C} to your mana pool.','None','None','sol ring','None','None',NULL,NULL,'Lost to time is the artificer\'s art of trapping light from a distant star in a ring of purest gold.','CMA','231','Mike Bierek','Uncommon'),('Surveyor\'s Scope',430451,'normal','{2}',2.0,'None','[\'Artifact\']','None','{T}, Exile Surveyor\'s Scope: Search your library for up to X basic land cards, where X is the number of players who control at least two more lands than you. Put those cards onto the battlefield, then shuffle your library.','None','None','surveyor\'s scope','None','None',NULL,NULL,'None','CMA','232','Daniel Ljunggren','Rare'),('Swiftfoot Boots',430452,'normal','{2}',2.0,'None','[\'Artifact\']','[\'Equipment\']','Equipped creature has hexproof and haste.\nEquip {1}','None','None','swiftfoot boots','None','None',NULL,NULL,'\"There is great wisdom in rushing headlong into combat . . . if you\'re prepared.\"\n-Kenjek, captain of the Thousand Swords','CMA','233','Svetlin Velinov','Uncommon'),('Sword of the Paruns',430453,'normal','{4}',4.0,'None','[\'Artifact\']','[\'Equipment\']','As long as equipped creature is tapped, tapped creatures you control get +2/+0.\nAs long as equipped creature is untapped, untapped creatures you control get +0/+2.\n{3}: You may tap or untap equipped creature.\nEquip {3}','None','None','sword of the paruns','None','None',NULL,NULL,'None','CMA','234','Greg Hildebrandt','Rare'),('Thought Vessel',430454,'normal','{2}',2.0,'None','[\'Artifact\']','None','You have no maximum hand size.\n{T}: Add {C} to your mana pool.','None','None','thought vessel','None','None',NULL,NULL,'Infinite possibilities contained in a finite space.','CMA','235','rk post','Common'),('Thousand-Year Elixir',430455,'normal','{3}',3.0,'None','[\'Artifact\']','None','You may activate abilities of creatures you control as though those creatures had haste.\n{1}, {T}: Untap target creature.','None','None','thousand-year elixir','None','None',NULL,NULL,'Paradoxically, to tilt the massive jug for a sip, you\'d need the energy of the giant\'s tonic.','CMA','236','Richard Sardinha','Rare'),('Thunderstaff',430456,'normal','{3}',3.0,'None','[\'Artifact\']','None','As long as Thunderstaff is untapped, if a creature would deal combat damage to you, prevent 1 of that damage.\n{2}, {T}: Attacking creatures get +1/+0 until end of turn.','None','None','thunderstaff','None','None',NULL,NULL,'Jort the Thunder-Mad spent his life perfecting a way to harness the power of the heavens.','CMA','237','Cliff Childs','Uncommon'),('Akoum Refuge',430457,'normal','{0}',0.0,'None','[\'Land\']','None','Akoum Refuge enters the battlefield tapped.\nWhen Akoum Refuge enters the battlefield, you gain 1 life.\n{T}: Add {B} or {R} to your mana pool.','None','None','akoum refuge','[\'B\', \'R\']','None',NULL,NULL,'None','CMA','238','Fred Fields','Uncommon'),('Azorius Chancery',430458,'normal','{0}',0.0,'None','[\'Land\']','None','Azorius Chancery enters the battlefield tapped.\nWhen Azorius Chancery enters the battlefield, return a land you control to its owner\'s hand.\n{T}: Add {W}{U} to your mana pool.','None','None','azorius chancery','[\'W\', \'U\']','None',NULL,NULL,'None','CMA','239','John Avon','Common'),('Azorius Guildgate',430459,'normal','{0}',0.0,'None','[\'Land\']','[\'Gate\']','Azorius Guildgate enters the battlefield tapped.\n{T}: Add {W} or {U} to your mana pool.','None','None','azorius guildgate','[\'W\', \'U\']','None',NULL,NULL,'Enter the Senate, the seat of justice and the foundation of Ravnican society.','CMA','240','Drew Baker','Common'),('Bant Panorama',430460,'normal','{0}',0.0,'None','[\'Land\']','None','{T}: Add {C} to your mana pool.\n{1}, {T}, Sacrifice Bant Panorama: Search your library for a basic Forest, Plains, or Island card and put it onto the battlefield tapped. Then shuffle your library.','None','None','bant panorama','None','None',NULL,NULL,'Bant\'s hearts are as pure as its air and as bright as its skies.','CMA','241','Donato Giancola','Common'),('Barren Moor',430461,'normal','{0}',0.0,'None','[\'Land\']','None','Barren Moor enters the battlefield tapped.\n{T}: Add {B} to your mana pool.\nCycling {B} ({B}, Discard this card: Draw a card.)','None','None','barren moor','[\'B\']','None',NULL,NULL,'None','CMA','242','Heather Hudson','Common'),('Bojuka Bog',430462,'normal','{0}',0.0,'None','[\'Land\']','None','Bojuka Bog enters the battlefield tapped.\nWhen Bojuka Bog enters the battlefield, exile all cards from target player\'s graveyard.\n{T}: Add {B} to your mana pool.','None','None','bojuka bog','[\'B\']','None',NULL,NULL,'None','CMA','243','Howard Lyon','Common'),('Boros Garrison',430463,'normal','{0}',0.0,'None','[\'Land\']','None','Boros Garrison enters the battlefield tapped.\nWhen Boros Garrison enters the battlefield, return a land you control to its owner\'s hand.\n{T}: Add {R}{W} to your mana pool.','None','None','boros garrison','[\'R\', \'W\']','None',NULL,NULL,'None','CMA','244','John Avon','Common'),('Command Tower',430464,'normal','{0}',0.0,'None','[\'Land\']','None','{T}: Add to your mana pool one mana of any color in your commander\'s color identity.','None','None','command tower','None','None',NULL,NULL,'When defeat is near and guidance is scarce, all eyes look in one direction.','CMA','245','Ryan Yee','Common'),('Crystal Vein',430465,'normal','{0}',0.0,'None','[\'Land\']','None','{T}: Add {C} to your mana pool.\n{T}, Sacrifice Crystal Vein: Add {C}{C} to your mana pool.','None','None','crystal vein','None','None',NULL,NULL,'None','CMA','246','Pat Lewis','Uncommon'),('Evolving Wilds',430466,'normal','{0}',0.0,'None','[\'Land\']','None','{T}, Sacrifice Evolving Wilds: Search your library for a basic land card, put it onto the battlefield tapped, then shuffle your library.','None','None','evolving wilds','None','None',NULL,NULL,'Without the interfering hands of civilization, nature will always shape itself to its own needs.','CMA','247','Steven Belledin','Common'),('Faerie Conclave',430467,'normal','{0}',0.0,'None','[\'Land\']','None','Faerie Conclave enters the battlefield tapped.\n{T}: Add {U} to your mana pool.\n{1}{U}: Faerie Conclave becomes a 2/1 blue Faerie creature with flying until end of turn. It\'s still a land.','None','None','faerie conclave','[\'U\']','None',NULL,NULL,'None','CMA','248','Stephan Martiniere','Uncommon'),('Forgotten Cave',430468,'normal','{0}',0.0,'None','[\'Land\']','None','Forgotten Cave enters the battlefield tapped.\n{T}: Add {R} to your mana pool.\nCycling {R} ({R}, Discard this card: Draw a card.)','None','None','forgotten cave','[\'R\']','None',NULL,NULL,'None','CMA','249','Tony Szczudlo','Common'),('Gargoyle Castle',430469,'normal','{0}',0.0,'None','[\'Land\']','None','{T}: Add {C} to your mana pool.\n{5}, {T}, Sacrifice Gargoyle Castle: Create a 3/4 colorless Gargoyle artifact creature token with flying.','None','None','gargoyle castle','None','None',NULL,NULL,'Most knew of the tower\'s wizard and gargoyle. Few realized which was guardian and which was master.','CMA','250','Paul Bonner','Rare'),('Ghost Quarter',430470,'normal','{0}',0.0,'None','[\'Land\']','None','{T}: Add {C} to your mana pool.\n{T}, Sacrifice Ghost Quarter: Destroy target land. Its controller may search his or her library for a basic land card, put it onto the battlefield, then shuffle his or her library.','None','None','ghost quarter','None','None',NULL,NULL,'Deserted, but not uninhabited.','CMA','251','Peter Mohrbacher','Uncommon'),('Golgari Guildgate',430471,'normal','{0}',0.0,'None','[\'Land\']','[\'Gate\']','Golgari Guildgate enters the battlefield tapped.\n{T}: Add {B} or {G} to your mana pool.','None','None','golgari guildgate','[\'B\', \'G\']','None',NULL,NULL,'Enter those who are starving and sick. You are welcome among the Swarm when the rest of Ravnica rejects you.','CMA','252','Eytan Zana','Common'),('Golgari Rot Farm',430472,'normal','{0}',0.0,'None','[\'Land\']','None','Golgari Rot Farm enters the battlefield tapped.\nWhen Golgari Rot Farm enters the battlefield, return a land you control to its owner\'s hand.\n{T}: Add {B}{G} to your mana pool.','None','None','golgari rot farm','[\'B\', \'G\']','None',NULL,NULL,'None','CMA','253','John Avon','Common'),('Grim Backwoods',430473,'normal','{0}',0.0,'None','[\'Land\']','None','{T}: Add {C} to your mana pool.\n{2}{B}{G}, {T}, Sacrifice a creature: Draw a card.','None','None','grim backwoods','[\'B\', \'G\']','None',NULL,NULL,'\"I love what they\'ve done with the place.\"\n-Liliana Vess','CMA','254','Vincent Proce','Rare'),('Haunted Fengraf',430474,'normal','{0}',0.0,'None','[\'Land\']','None','{T}: Add {C} to your mana pool.\n{3}, {T}, Sacrifice Haunted Fengraf: Return a creature card at random from your graveyard to your hand.','None','None','haunted fengraf','None','None',NULL,NULL,'A ghoulcaller\'s playground.','CMA','255','Adam Paquette','Common'),('Havenwood Battleground',430475,'normal','{0}',0.0,'None','[\'Land\']','None','Havenwood Battleground enters the battlefield tapped.\n{T}: Add {G} to your mana pool.\n{T}, Sacrifice Havenwood Battleground: Add {G}{G} to your mana pool.','None','None','havenwood battleground','[\'G\']','None',NULL,NULL,'None','CMA','256','Liz Danforth','Uncommon'),('High Market',430476,'normal','{0}',0.0,'None','[\'Land\']','None','{T}: Add {C} to your mana pool.\n{T}, Sacrifice a creature: You gain 1 life.','None','None','high market','None','None',NULL,NULL,'If it can\'t be had here, it can\'t be had on any world.','CMA','257','Carl Critchlow','Rare'),('Jungle Basin',430477,'normal','{0}',0.0,'None','[\'Land\']','None','Jungle Basin enters the battlefield tapped.\nWhen Jungle Basin enters the battlefield, sacrifice it unless you return an untapped Forest you control to its owner\'s hand.\n{T}: Add {C}{G} to your mana pool.','None','None','jungle basin','[\'G\']','None',NULL,NULL,'None','CMA','258','John Avon','Uncommon'),('Jungle Hollow',430478,'normal','{0}',0.0,'None','[\'Land\']','None','Jungle Hollow enters the battlefield tapped.\nWhen Jungle Hollow enters the battlefield, you gain 1 life.\n{T}: Add {B} or {G} to your mana pool.','None','None','jungle hollow','[\'B\', \'G\']','None',NULL,NULL,'None','CMA','259','Eytan Zana','Common'),('Molten Slagheap',430479,'normal','{0}',0.0,'None','[\'Land\']','None','{T}: Add {C} to your mana pool.\n{1}, {T}: Put a storage counter on Molten Slagheap.\n{1}, Remove X storage counters from Molten Slagheap: Add X mana in any combination of {B} and/or {R} to your mana pool.','None','None','molten slagheap','[\'B\', \'R\']','None',NULL,NULL,'None','CMA','260','Daren Bader','Uncommon'),('Myriad Landscape',430480,'normal','{0}',0.0,'None','[\'Land\']','None','Myriad Landscape enters the battlefield tapped.\n{T}: Add {C} to your mana pool.\n{2}, {T}, Sacrifice Myriad Landscape: Search your library for up to two basic land cards that share a land type, put them onto the battlefield tapped, then shuffle your library.','None','None','myriad landscape','None','None',NULL,NULL,'None','CMA','261','Richard Wright','Uncommon'),('Opal Palace',430481,'normal','{0}',0.0,'None','[\'Land\']','None','{T}: Add {C} to your mana pool.\n{1}, {T}: Add to your mana pool one mana of any color in your commander\'s color identity. If you spend this mana to cast your commander, it enters the battlefield with a number of additional +1/+1 counters on it equal to the number of times it\'s been cast from the command zone this game.','None','None','opal palace','None','None',NULL,NULL,'None','CMA','262','Andreas Rocha','Common'),('Oran-Rief, the Vastwood',430482,'normal','{0}',0.0,'None','[\'Land\']','None','Oran-Rief, the Vastwood enters the battlefield tapped.\n{T}: Add {G} to your mana pool.\n{T}: Put a +1/+1 counter on each green creature that entered the battlefield this turn.','None','None','oran-rief, the vastwood','[\'G\']','None',NULL,NULL,'None','CMA','263','Mike Bierek','Rare'),('Orzhov Basilica',430483,'normal','{0}',0.0,'None','[\'Land\']','None','Orzhov Basilica enters the battlefield tapped.\nWhen Orzhov Basilica enters the battlefield, return a land you control to its owner\'s hand.\n{T}: Add {W}{B} to your mana pool.','None','None','orzhov basilica','[\'W\', \'B\']','None',NULL,NULL,'None','CMA','264','John Avon','Common'),('Polluted Mire',430484,'normal','{0}',0.0,'None','[\'Land\']','None','Polluted Mire enters the battlefield tapped.\n{T}: Add {B} to your mana pool.\nCycling {2} ({2}, Discard this card: Draw a card.)','None','None','polluted mire','[\'B\']','None',NULL,NULL,'None','CMA','265','Stephen Daniele','Common'),('Rakdos Carnarium',430485,'normal','{0}',0.0,'None','[\'Land\']','None','Rakdos Carnarium enters the battlefield tapped.\nWhen Rakdos Carnarium enters the battlefield, return a land you control to its owner\'s hand.\n{T}: Add {B}{R} to your mana pool.','None','None','rakdos carnarium','[\'B\', \'R\']','None',NULL,NULL,'None','CMA','266','John Avon','Common'),('Rupture Spire',430486,'normal','{0}',0.0,'None','[\'Land\']','None','Rupture Spire enters the battlefield tapped.\nWhen Rupture Spire enters the battlefield, sacrifice it unless you pay {1}.\n{T}: Add one mana of any color to your mana pool.','None','None','rupture spire','None','None',NULL,NULL,'None','CMA','267','Jaime Jones','Common'),('Saltcrusted Steppe',430487,'normal','{0}',0.0,'None','[\'Land\']','None','{T}: Add {C} to your mana pool.\n{1}, {T}: Put a storage counter on Saltcrusted Steppe.\n{1}, Remove X storage counters from Saltcrusted Steppe: Add X mana in any combination of {G} and/or {W} to your mana pool.','None','None','saltcrusted steppe','[\'G\', \'W\']','None',NULL,NULL,'None','CMA','268','Greg Staples','Uncommon'),('Seaside Citadel',430488,'normal','{0}',0.0,'None','[\'Land\']','None','Seaside Citadel enters the battlefield tapped.\n{T}: Add {G}, {W}, or {U} to your mana pool.','None','None','seaside citadel','[\'G\', \'W\', \'U\']','None',NULL,NULL,'For wisdom\'s sake, it was built high to gaze on all things. For glory\'s sake, it was built high as a testament of power. For strength\'s sake, it was built high to repel all attacks.','CMA','269','Volkan Baga','Uncommon'),('Secluded Steppe',430489,'normal','{0}',0.0,'None','[\'Land\']','None','Secluded Steppe enters the battlefield tapped.\n{T}: Add {W} to your mana pool.\nCycling {W} ({W}, Discard this card: Draw a card.)','None','None','secluded steppe','[\'W\']','None',NULL,NULL,'None','CMA','270','Heather Hudson','Common'),('Sejiri Refuge',430490,'normal','{0}',0.0,'None','[\'Land\']','None','Sejiri Refuge enters the battlefield tapped.\nWhen Sejiri Refuge enters the battlefield, you gain 1 life.\n{T}: Add {W} or {U} to your mana pool.','None','None','sejiri refuge','[\'W\', \'U\']','None',NULL,NULL,'None','CMA','271','Ryan Pancoast','Uncommon'),('Selesnya Guildgate',430491,'normal','{0}',0.0,'None','[\'Land\']','[\'Gate\']','Selesnya Guildgate enters the battlefield tapped.\n{T}: Add {G} or {W} to your mana pool.','None','None','selesnya guildgate','[\'G\', \'W\']','None',NULL,NULL,'Enter and rejoice! The Conclave stands united, open to one and all.','CMA','272','Howard Lyon','Common'),('Selesnya Sanctuary',430492,'normal','{0}',0.0,'None','[\'Land\']','None','Selesnya Sanctuary enters the battlefield tapped.\nWhen Selesnya Sanctuary enters the battlefield, return a land you control to its owner\'s hand.\n{T}: Add {G}{W} to your mana pool.','None','None','selesnya sanctuary','[\'G\', \'W\']','None',NULL,NULL,'None','CMA','273','John Avon','Common'),('Simic Guildgate',430493,'normal','{0}',0.0,'None','[\'Land\']','[\'Gate\']','Simic Guildgate enters the battlefield tapped.\n{T}: Add {G} or {U} to your mana pool.','None','None','simic guildgate','[\'G\', \'U\']','None',NULL,NULL,'Enter and comprehend the perfection of orchestrated life.','CMA','274','Svetlin Velinov','Common'),('Slippery Karst',430494,'normal','{0}',0.0,'None','[\'Land\']','None','Slippery Karst enters the battlefield tapped.\n{T}: Add {G} to your mana pool.\nCycling {2} ({2}, Discard this card: Draw a card.)','None','None','slippery karst','[\'G\']','None',NULL,NULL,'None','CMA','275','Stephen Daniele','Common'),('Tainted Wood',430495,'normal','{0}',0.0,'None','[\'Land\']','None','{T}: Add {C} to your mana pool.\n{T}: Add {B} or {G} to your mana pool. Activate this ability only if you control a Swamp.','None','None','tainted wood','[\'B\', \'G\']','None',NULL,NULL,'None','CMA','276','Rob Alexander','Uncommon'),('Temple of the False God',430496,'normal','{0}',0.0,'None','[\'Land\']','None','{T}: Add {C}{C} to your mana pool. Activate this ability only if you control five or more lands.','None','None','temple of the false god','None','None',NULL,NULL,'Those who bring nothing to the temple take nothing away.','CMA','277','Brian Snõddy','Uncommon'),('Terramorphic Expanse',430497,'normal','{0}',0.0,'None','[\'Land\']','None','{T}, Sacrifice Terramorphic Expanse: Search your library for a basic land card and put it onto the battlefield tapped. Then shuffle your library.','None','None','terramorphic expanse','None','None',NULL,NULL,'None','CMA','278','Dan Scott','Common'),('Tranquil Thicket',430498,'normal','{0}',0.0,'None','[\'Land\']','None','Tranquil Thicket enters the battlefield tapped.\n{T}: Add {G} to your mana pool.\nCycling {G} ({G}, Discard this card: Draw a card.)','None','None','tranquil thicket','[\'G\']','None',NULL,NULL,'None','CMA','279','Heather Hudson','Common'),('Transguild Promenade',430499,'normal','{0}',0.0,'None','[\'Land\']','None','Transguild Promenade enters the battlefield tapped.\nWhen Transguild Promenade enters the battlefield, sacrifice it unless you pay {1}.\n{T}: Add one mana of any color to your mana pool.','None','None','transguild promenade','None','None',NULL,NULL,'None','CMA','280','Noah Bradley','Common'),('Vivid Grove',430500,'normal','{0}',0.0,'None','[\'Land\']','None','Vivid Grove enters the battlefield tapped with two charge counters on it.\n{T}: Add {G} to your mana pool.\n{T}, Remove a charge counter from Vivid Grove: Add one mana of any color to your mana pool.','None','None','vivid grove','[\'G\']','None',NULL,NULL,'None','CMA','281','Howard Lyon','Uncommon'),('Vivid Marsh',430501,'normal','{0}',0.0,'None','[\'Land\']','None','Vivid Marsh enters the battlefield tapped with two charge counters on it.\n{T}: Add {B} to your mana pool.\n{T}, Remove a charge counter from Vivid Marsh: Add one mana of any color to your mana pool.','None','None','vivid marsh','[\'B\']','None',NULL,NULL,'None','CMA','282','John Avon','Uncommon'),('Vivid Meadow',430502,'normal','{0}',0.0,'None','[\'Land\']','None','Vivid Meadow enters the battlefield tapped with two charge counters on it.\n{T}: Add {W} to your mana pool.\n{T}, Remove a charge counter from Vivid Meadow: Add one mana of any color to your mana pool.','None','None','vivid meadow','[\'W\']','None',NULL,NULL,'None','CMA','283','Rob Alexander','Uncommon'),('Zoetic Cavern',430503,'normal','{0}',0.0,'None','[\'Land\']','None','{T}: Add {C} to your mana pool.\nMorph {2} (You may cast this card face down as a 2/2 creature for {3}. Turn it face up any time for its morph cost.)','None','None','zoetic cavern','None','None',NULL,NULL,'Nothing lives within it, yet there is life.','CMA','284','Lars Grant-West','Uncommon'),('Plains',430504,'normal','{0}',0.0,'None','[\'Land\']','[\'Plains\']','None','None','None','plains1','[\'W\']','None',NULL,NULL,'None','CMA','285','John Avon','Basic Land'),('Plains',430505,'normal','{0}',0.0,'None','[\'Land\']','[\'Plains\']','None','None','None','plains2','[\'W\']','None',NULL,NULL,'None','CMA','286','John Avon','Basic Land'),('Plains',430506,'normal','{0}',0.0,'None','[\'Land\']','[\'Plains\']','None','None','None','plains3','[\'W\']','None',NULL,NULL,'None','CMA','287','John Avon','Basic Land'),('Plains',430507,'normal','{0}',0.0,'None','[\'Land\']','[\'Plains\']','None','None','None','plains4','[\'W\']','None',NULL,NULL,'None','CMA','288','Michael Komarck','Basic Land'),('Plains',430508,'normal','{0}',0.0,'None','[\'Land\']','[\'Plains\']','None','None','None','plains5','[\'W\']','None',NULL,NULL,'None','CMA','289','Michael Komarck','Basic Land'),('Plains',430509,'normal','{0}',0.0,'None','[\'Land\']','[\'Plains\']','None','None','None','plains6','[\'W\']','None',NULL,NULL,'None','CMA','290','Matthew Mitchell','Basic Land'),('Plains',430510,'normal','{0}',0.0,'None','[\'Land\']','[\'Plains\']','None','None','None','plains7','[\'W\']','None',NULL,NULL,'None','CMA','291','Jung Park','Basic Land'),('Plains',430511,'normal','{0}',0.0,'None','[\'Land\']','[\'Plains\']','None','None','None','plains8','[\'W\']','None',NULL,NULL,'None','CMA','292','Andreas Rocha','Basic Land'),('Island',430512,'normal','{0}',0.0,'None','[\'Land\']','[\'Island\']','None','None','None','island1','[\'U\']','None',NULL,NULL,'None','CMA','293','Noah Bradley','Basic Land'),('Island',430513,'normal','{0}',0.0,'None','[\'Land\']','[\'Island\']','None','None','None','island2','[\'U\']','None',NULL,NULL,'None','CMA','294','Cliff Childs','Basic Land'),('Island',430514,'normal','{0}',0.0,'None','[\'Land\']','[\'Island\']','None','None','None','island3','[\'U\']','None',NULL,NULL,'None','CMA','295','Michael Komarck','Basic Land'),('Island',430515,'normal','{0}',0.0,'None','[\'Land\']','[\'Island\']','None','None','None','island4','[\'U\']','None',NULL,NULL,'None','CMA','296','Jung Park','Basic Land'),('Swamp',430516,'normal','{0}',0.0,'None','[\'Land\']','[\'Swamp\']','None','None','None','swamp1','[\'B\']','None',NULL,NULL,'None','CMA','297','John Avon','Basic Land'),('Swamp',430517,'normal','{0}',0.0,'None','[\'Land\']','[\'Swamp\']','None','None','None','swamp2','[\'B\']','None',NULL,NULL,'None','CMA','298','Cliff Childs','Basic Land'),('Swamp',430518,'normal','{0}',0.0,'None','[\'Land\']','[\'Swamp\']','None','None','None','swamp3','[\'B\']','None',NULL,NULL,'None','CMA','299','Jonas De Ro','Basic Land'),('Swamp',430519,'normal','{0}',0.0,'None','[\'Land\']','[\'Swamp\']','None','None','None','swamp4','[\'B\']','None',NULL,NULL,'None','CMA','300','Dan Frazier','Basic Land'),('Swamp',430520,'normal','{0}',0.0,'None','[\'Land\']','[\'Swamp\']','None','None','None','swamp5','[\'B\']','None',NULL,NULL,'None','CMA','301','Jung Park','Basic Land'),('Swamp',430521,'normal','{0}',0.0,'None','[\'Land\']','[\'Swamp\']','None','None','None','swamp6','[\'B\']','None',NULL,NULL,'None','CMA','302','Jung Park','Basic Land'),('Swamp',430522,'normal','{0}',0.0,'None','[\'Land\']','[\'Swamp\']','None','None','None','swamp7','[\'B\']','None',NULL,NULL,'None','CMA','303','Jim Pavelec','Basic Land'),('Swamp',430523,'normal','{0}',0.0,'None','[\'Land\']','[\'Swamp\']','None','None','None','swamp8','[\'B\']','None',NULL,NULL,'None','CMA','304','Richard Wright','Basic Land'),('Mountain',430524,'normal','{0}',0.0,'None','[\'Land\']','[\'Mountain\']','None','None','None','mountain1','[\'R\']','None',NULL,NULL,'None','CMA','305','John Avon','Basic Land'),('Mountain',430525,'normal','{0}',0.0,'None','[\'Land\']','[\'Mountain\']','None','None','None','mountain2','[\'R\']','None',NULL,NULL,'None','CMA','306','John Avon','Basic Land'),('Mountain',430526,'normal','{0}',0.0,'None','[\'Land\']','[\'Mountain\']','None','None','None','mountain3','[\'R\']','None',NULL,NULL,'None','CMA','307','Karl Kopinski','Basic Land'),('Mountain',430527,'normal','{0}',0.0,'None','[\'Land\']','[\'Mountain\']','None','None','None','mountain4','[\'R\']','None',NULL,NULL,'None','CMA','308','Martina Pilcerova','Basic Land'),('Forest',430528,'normal','{0}',0.0,'None','[\'Land\']','[\'Forest\']','None','None','None','forest1','[\'G\']','None',NULL,NULL,'None','CMA','309','Rob Alexander','Basic Land'),('Forest',430529,'normal','{0}',0.0,'None','[\'Land\']','[\'Forest\']','None','None','None','forest2','[\'G\']','None',NULL,NULL,'None','CMA','310','Rob Alexander','Basic Land'),('Forest',430530,'normal','{0}',0.0,'None','[\'Land\']','[\'Forest\']','None','None','None','forest3','[\'G\']','None',NULL,NULL,'None','CMA','311','John Avon','Basic Land'),('Forest',430531,'normal','{0}',0.0,'None','[\'Land\']','[\'Forest\']','None','None','None','forest4','[\'G\']','None',NULL,NULL,'None','CMA','312','Steven Belledin','Basic Land'),('Forest',430532,'normal','{0}',0.0,'None','[\'Land\']','[\'Forest\']','None','None','None','forest5','[\'G\']','None',NULL,NULL,'None','CMA','313','Noah Bradley','Basic Land'),('Forest',430533,'normal','{0}',0.0,'None','[\'Land\']','[\'Forest\']','None','None','None','forest6','[\'G\']','None',NULL,NULL,'None','CMA','314','Jonas De Ro','Basic Land'),('Forest',430534,'normal','{0}',0.0,'None','[\'Land\']','[\'Forest\']','None','None','None','forest7','[\'G\']','None',NULL,NULL,'None','CMA','315','Vance Kovacs','Basic Land'),('Forest',430535,'normal','{0}',0.0,'None','[\'Land\']','[\'Forest\']','None','None','None','forest8','[\'G\']','None',NULL,NULL,'None','CMA','316','Craig Mullins','Basic Land'),('Forest',430536,'normal','{0}',0.0,'None','[\'Land\']','[\'Forest\']','None','None','None','forest9','[\'G\']','None',NULL,NULL,'None','CMA','317','Jung Park','Basic Land'),('Forest',430537,'normal','{0}',0.0,'None','[\'Land\']','[\'Forest\']','None','None','None','forest10','[\'G\']','None',NULL,NULL,'None','CMA','318','Jung Park','Basic Land'),('Forest',430538,'normal','{0}',0.0,'None','[\'Land\']','[\'Forest\']','None','None','None','forest11','[\'G\']','None',NULL,NULL,'None','CMA','319','Stephen Tappin','Basic Land'),('Forest',430539,'normal','{0}',0.0,'None','[\'Land\']','[\'Forest\']','None','None','None','forest12','[\'G\']','None',NULL,NULL,'None','CMA','320','Eytan Zana','Basic Land');
/*!40000 ALTER TABLE `cards` ENABLE KEYS */;
UNLOCK TABLES;

--
-- Table structure for table `messages`
--

DROP TABLE IF EXISTS `messages`;
/*!40101 SET @saved_cs_client     = @@character_set_client */;
/*!40101 SET character_set_client = utf8 */;
CREATE TABLE `messages` (
  `id` int(10) unsigned NOT NULL AUTO_INCREMENT,
  `thread_id` int(10) unsigned NOT NULL,
  `user_id` int(10) unsigned NOT NULL,
  `body` text COLLATE utf8mb4_unicode_ci NOT NULL,
  `created_at` timestamp NULL DEFAULT NULL,
  `updated_at` timestamp NULL DEFAULT NULL,
  `deleted_at` timestamp NULL DEFAULT NULL,
  PRIMARY KEY (`id`)
) ENGINE=InnoDB AUTO_INCREMENT=8 DEFAULT CHARSET=utf8mb4 COLLATE=utf8mb4_unicode_ci;
/*!40101 SET character_set_client = @saved_cs_client */;

--
-- Dumping data for table `messages`
--

LOCK TABLES `messages` WRITE;
/*!40000 ALTER TABLE `messages` DISABLE KEYS */;
INSERT INTO `messages` VALUES (1,1,2,'ddddddddd','2018-02-11 06:27:56','2018-02-11 06:27:56',NULL),(2,2,2,'ddddddddd','2018-02-11 06:28:19','2018-02-11 06:28:19',NULL),(3,3,2,'ddddddddd','2018-02-11 06:28:53','2018-02-11 06:28:53',NULL),(4,4,2,'ddddddddd','2018-02-11 06:29:35','2018-02-11 06:29:35',NULL),(5,5,2,'ddddddddd','2018-02-11 06:29:41','2018-02-11 06:29:41',NULL),(6,6,2,'ddddddddd','2018-02-11 06:32:15','2018-02-11 06:32:15',NULL),(7,7,1,'A tua prima é jeitosa ;)','2018-02-11 08:40:57','2018-02-11 08:40:57',NULL);
/*!40000 ALTER TABLE `messages` ENABLE KEYS */;
UNLOCK TABLES;

--
-- Table structure for table `migrations`
--

DROP TABLE IF EXISTS `migrations`;
/*!40101 SET @saved_cs_client     = @@character_set_client */;
/*!40101 SET character_set_client = utf8 */;
CREATE TABLE `migrations` (
  `id` int(10) unsigned NOT NULL AUTO_INCREMENT,
  `migration` varchar(255) COLLATE utf8mb4_unicode_ci NOT NULL,
  `batch` int(11) NOT NULL,
  PRIMARY KEY (`id`)
) ENGINE=InnoDB AUTO_INCREMENT=11 DEFAULT CHARSET=utf8mb4 COLLATE=utf8mb4_unicode_ci;
/*!40101 SET character_set_client = @saved_cs_client */;

--
-- Dumping data for table `migrations`
--

LOCK TABLES `migrations` WRITE;
/*!40000 ALTER TABLE `migrations` DISABLE KEYS */;
INSERT INTO `migrations` VALUES (1,'2014_10_12_000000_create_users_table',1),(2,'2014_10_12_100000_create_password_resets_table',1),(3,'2014_10_28_175635_create_threads_table',1),(4,'2014_10_28_175710_create_messages_table',1),(5,'2014_10_28_180224_create_participants_table',1),(6,'2014_11_03_154831_add_soft_deletes_to_participants_table',1),(7,'2014_12_04_124531_add_softdeletes_to_threads_table',1),(8,'2017_03_30_152742_add_soft_deletes_to_messages_table',1),(9,'2018_02_10_121034_create_cards_table',1),(10,'2018_02_10_140815_create_card_user',1);
/*!40000 ALTER TABLE `migrations` ENABLE KEYS */;
UNLOCK TABLES;

--
-- Table structure for table `participants`
--

DROP TABLE IF EXISTS `participants`;
/*!40101 SET @saved_cs_client     = @@character_set_client */;
/*!40101 SET character_set_client = utf8 */;
CREATE TABLE `participants` (
  `id` int(10) unsigned NOT NULL AUTO_INCREMENT,
  `thread_id` int(10) unsigned NOT NULL,
  `user_id` int(10) unsigned NOT NULL,
  `last_read` timestamp NULL DEFAULT NULL,
  `created_at` timestamp NULL DEFAULT NULL,
  `updated_at` timestamp NULL DEFAULT NULL,
  `deleted_at` timestamp NULL DEFAULT NULL,
  PRIMARY KEY (`id`)
) ENGINE=InnoDB AUTO_INCREMENT=15 DEFAULT CHARSET=utf8mb4 COLLATE=utf8mb4_unicode_ci;
/*!40101 SET character_set_client = @saved_cs_client */;

--
-- Dumping data for table `participants`
--

LOCK TABLES `participants` WRITE;
/*!40000 ALTER TABLE `participants` DISABLE KEYS */;
INSERT INTO `participants` VALUES (1,1,2,'2018-02-11 06:27:56','2018-02-11 06:27:56','2018-02-11 06:27:56',NULL),(2,1,1,'2018-02-11 09:23:12','2018-02-11 06:27:56','2018-02-11 09:23:12',NULL),(3,2,2,'2018-02-11 06:28:19','2018-02-11 06:28:19','2018-02-11 06:28:19',NULL),(4,2,1,'2018-02-11 09:23:09','2018-02-11 06:28:19','2018-02-11 09:23:09',NULL),(5,3,2,'2018-02-11 06:28:53','2018-02-11 06:28:53','2018-02-11 06:28:53',NULL),(6,3,1,'2018-02-11 09:23:06','2018-02-11 06:28:53','2018-02-11 09:23:06',NULL),(7,4,2,'2018-02-11 06:29:35','2018-02-11 06:29:35','2018-02-11 06:29:35',NULL),(8,4,1,'2018-02-11 09:23:03','2018-02-11 06:29:35','2018-02-11 09:23:03',NULL),(9,5,2,'2018-02-11 06:29:41','2018-02-11 06:29:41','2018-02-11 06:29:41',NULL),(10,5,1,'2018-02-11 09:23:02','2018-02-11 06:29:41','2018-02-11 09:23:02',NULL),(11,6,2,'2018-02-11 06:32:15','2018-02-11 06:32:15','2018-02-11 06:32:15',NULL),(12,6,1,'2018-02-11 09:22:59','2018-02-11 06:32:15','2018-02-11 09:22:59',NULL),(13,7,1,'2018-02-11 09:22:52','2018-02-11 08:40:57','2018-02-11 09:22:52',NULL),(14,7,2,NULL,'2018-02-11 08:40:57','2018-02-11 08:40:57',NULL);
/*!40000 ALTER TABLE `participants` ENABLE KEYS */;
UNLOCK TABLES;

--
-- Table structure for table `password_resets`
--

DROP TABLE IF EXISTS `password_resets`;
/*!40101 SET @saved_cs_client     = @@character_set_client */;
/*!40101 SET character_set_client = utf8 */;
CREATE TABLE `password_resets` (
  `email` varchar(255) COLLATE utf8mb4_unicode_ci NOT NULL,
  `token` varchar(255) COLLATE utf8mb4_unicode_ci NOT NULL,
  `created_at` timestamp NULL DEFAULT NULL,
  KEY `password_resets_email_index` (`email`)
) ENGINE=InnoDB DEFAULT CHARSET=utf8mb4 COLLATE=utf8mb4_unicode_ci;
/*!40101 SET character_set_client = @saved_cs_client */;

--
-- Dumping data for table `password_resets`
--

LOCK TABLES `password_resets` WRITE;
/*!40000 ALTER TABLE `password_resets` DISABLE KEYS */;
/*!40000 ALTER TABLE `password_resets` ENABLE KEYS */;
UNLOCK TABLES;

--
-- Table structure for table `threads`
--

DROP TABLE IF EXISTS `threads`;
/*!40101 SET @saved_cs_client     = @@character_set_client */;
/*!40101 SET character_set_client = utf8 */;
CREATE TABLE `threads` (
  `id` int(10) unsigned NOT NULL AUTO_INCREMENT,
  `subject` varchar(255) COLLATE utf8mb4_unicode_ci NOT NULL,
  `created_at` timestamp NULL DEFAULT NULL,
  `updated_at` timestamp NULL DEFAULT NULL,
  `deleted_at` timestamp NULL DEFAULT NULL,
  PRIMARY KEY (`id`)
) ENGINE=InnoDB AUTO_INCREMENT=8 DEFAULT CHARSET=utf8mb4 COLLATE=utf8mb4_unicode_ci;
/*!40101 SET character_set_client = @saved_cs_client */;

--
-- Dumping data for table `threads`
--

LOCK TABLES `threads` WRITE;
/*!40000 ALTER TABLE `threads` DISABLE KEYS */;
INSERT INTO `threads` VALUES (1,'123123','2018-02-11 06:27:56','2018-02-11 06:27:56',NULL),(2,'123123','2018-02-11 06:28:19','2018-02-11 06:28:19',NULL),(3,'123123','2018-02-11 06:28:53','2018-02-11 06:28:53',NULL),(4,'123123','2018-02-11 06:29:35','2018-02-11 06:29:35',NULL),(5,'123123','2018-02-11 06:29:41','2018-02-11 06:29:41',NULL),(6,'123123','2018-02-11 06:32:14','2018-02-11 06:32:15',NULL),(7,'dwdwd','2018-02-11 08:40:57','2018-02-11 08:40:57',NULL);
/*!40000 ALTER TABLE `threads` ENABLE KEYS */;
UNLOCK TABLES;

--
-- Table structure for table `users`
--

DROP TABLE IF EXISTS `users`;
/*!40101 SET @saved_cs_client     = @@character_set_client */;
/*!40101 SET character_set_client = utf8 */;
CREATE TABLE `users` (
  `id` int(10) unsigned NOT NULL AUTO_INCREMENT,
  `name` varchar(255) COLLATE utf8mb4_unicode_ci NOT NULL,
  `email` varchar(255) COLLATE utf8mb4_unicode_ci NOT NULL,
  `phone_number` varchar(255) COLLATE utf8mb4_unicode_ci NOT NULL,
  `password` varchar(255) COLLATE utf8mb4_unicode_ci NOT NULL,
  `street` varchar(255) COLLATE utf8mb4_unicode_ci NOT NULL DEFAULT 'conad da dona',
  `streetnumber` varchar(255) COLLATE utf8mb4_unicode_ci NOT NULL DEFAULT 'conad da dona',
  `city` varchar(255) COLLATE utf8mb4_unicode_ci NOT NULL DEFAULT 'conad da dona',
  `zip` varchar(255) COLLATE utf8mb4_unicode_ci NOT NULL DEFAULT 'conad da dona',
  `country` varchar(255) COLLATE utf8mb4_unicode_ci NOT NULL DEFAULT 'conad da dona',
  `lat` double(10,6) DEFAULT NULL,
  `lng` double(10,6) DEFAULT NULL,
  `remember_token` varchar(100) COLLATE utf8mb4_unicode_ci DEFAULT NULL,
  `created_at` timestamp NULL DEFAULT NULL,
  `updated_at` timestamp NULL DEFAULT NULL,
  PRIMARY KEY (`id`),
  UNIQUE KEY `users_email_unique` (`email`),
  UNIQUE KEY `users_phone_number_unique` (`phone_number`)
) ENGINE=InnoDB AUTO_INCREMENT=4 DEFAULT CHARSET=utf8mb4 COLLATE=utf8mb4_unicode_ci;
/*!40101 SET character_set_client = @saved_cs_client */;

--
-- Dumping data for table `users`
--

LOCK TABLES `users` WRITE;
/*!40000 ALTER TABLE `users` DISABLE KEYS */;
INSERT INTO `users` VALUES (1,'Filipe','pi@pi.pt','+351933777412','$2y$10$np6.Th8e6hYU3fh68UeKPeP4v.UTUegqOD6RPCoBzcE.ePZ4cIWca','Aveninda Rio de Janeiro','253','Guimarães','4810-009','Portugal',41.452016,-8.277083,'pVQzDMjqn8Zff8nFEbKiiOWBDoylNzNaqihYArSYladbCeGSzKca106l1wUz','2018-02-11 06:25:55','2018-02-11 06:25:55'),(2,'Pedro','pedro@pedro.pt','+351926546003','$2y$10$TUoi40CAsK3A4uzYZzgulu8fQr/6Sk7cyybrVAnASLnpayjKY/xEK','S. José','122','Braga','4710-436','Portgual',41.559897,-8.408381,'iRD75AIKlGiMFBm9gitngYbJTA4yIOEK7W975v3gyFjnbDboxtXQq2PP1Seu','2018-02-11 06:27:30','2018-02-11 06:27:30'),(3,'José','jose@jose.pt','+351936956802','$2y$10$jAHrXAXjPvhvc7DWiyUfGeyIex4G1RFcQTZi4IUMj8ErrPZxx3bl.','Rua de Soleiros','1243','Barcelos','4750-350','Portugal',41.501095,-8.559729,'ApwsfKpg8Bj2kEeH7kFzlFwx9Cjf4jSxJ0b10Dd1CVnUJHtgzml9H6mGGU8S','2018-02-11 06:41:26','2018-02-11 06:41:26');
/*!40000 ALTER TABLE `users` ENABLE KEYS */;
UNLOCK TABLES;

--
-- Dumping events for database 'bazaar'
--

--
-- Dumping routines for database 'bazaar'
--
/*!40103 SET TIME_ZONE=@OLD_TIME_ZONE */;

/*!40101 SET SQL_MODE=@OLD_SQL_MODE */;
/*!40014 SET FOREIGN_KEY_CHECKS=@OLD_FOREIGN_KEY_CHECKS */;
/*!40014 SET UNIQUE_CHECKS=@OLD_UNIQUE_CHECKS */;
/*!40101 SET CHARACTER_SET_CLIENT=@OLD_CHARACTER_SET_CLIENT */;
/*!40101 SET CHARACTER_SET_RESULTS=@OLD_CHARACTER_SET_RESULTS */;
/*!40101 SET COLLATION_CONNECTION=@OLD_COLLATION_CONNECTION */;
/*!40111 SET SQL_NOTES=@OLD_SQL_NOTES */;

-- Dump completed on 2018-02-11  9:36:03
